paso,loss_antes,grad_norm,change_norm,w1_antes,w2_antes,b_antes,grad_w1,grad_w2,grad_b,w1_despues,w2_despues,b_despues
1,0.6931471805599453,0.25,0.125,0.0,0.0,0.0,0.0,0.0,0.25,0.0,0.0,-0.125
2,0.6638490353171691,0.2199007748797072,0.1099503874398536,0.0,0.0,-0.125,-0.015604686686878103,-0.015604686686878103,0.21879062662624377,0.007802343343439051,0.007802343343439051,-0.23439531331312188
3,0.6409564717138629,0.19752311908840955,0.09876155954420475,0.007802343343439051,0.007802343343439051,-0.23439531331312188,-0.02772190022258804,-0.02772190022258804,0.193593323930635,0.02166329345473307,0.02166329345473307,-0.33119197527843935
4,0.6223063214602343,0.1809892423160387,0.09049462115801937,0.02166329345473307,0.02166329345473307,-0.33119197527843935,-0.037060919519819435,-0.037060919519819435,0.17323418347088632,0.04019375321464279,0.04019375321464279,-0.41780906701388254
5,0.6065116247391142,0.1687343691923255,0.08436718459616274,0.04019375321464279,0.04019375321464279,-0.41780906701388254,-0.044215467659083046,-0.044215467659083046,0.15672036302315398,0.06230148704418431,0.06230148704418431,-0.4961692485254595
6,0.5926842424419115,0.1595407121029882,0.07977035605149414,0.06230148704418431,0.06230148704418431,-0.4961692485254595,-0.04965856655814957,-0.04965856655814957,0.14325254745765684,0.0871307703232591,0.0871307703232591,-0.567795522254288
7,0.5802523024239972,0.1525030958285004,0.07625154791425018,0.0871307703232591,0.0871307703232591,-0.567795522254288,-0.05375949428283791,-0.05375949428283791,0.1322007102332806,0.11401051746467805,0.11401051746467805,-0.6338958773709282
8,0.568844105777005,0.1469702629026031,0.07348513145130156,0.11401051746467805,0.11401051746467805,-0.6338958773709282,-0.05680482286099908,-0.05680482286099908,0.12307185859131771,0.1424129288951776,0.1424129288951776,-0.6954318066665871
9,0.558215157356999,0.14248426805634834,0.07124213402817414,0.1424129288951776,0.1424129288951776,-0.6954318066665871,-0.05901721870215093,-0.05901721870215093,0.11548031190154578,0.17192153824625306,0.17192153824625306,-0.75317196261736
10,0.5482023302427345,0.1387280791327246,0.06936403956636229,0.17192153824625306,0.17192153824625306,-0.75317196261736,-0.06057050640100027,-0.06057050640100027,0.10912335885825854,0.2022067914467532,0.2022067914467532,-0.8077336420464892
11,0.5386949403154861,0.1354844129446394,0.0677422064723197,0.2022067914467532,0.2022067914467532,-0.8077336420464892,-0.06160120505728185,-0.06160120505728185,0.1037622726328553,0.2330073939753941,0.2330073939753941,-0.8596147783629169
12,0.529616367366063,0.1326052397554701,0.06630261987773509,0.2330073939753941,0.2330073939753941,-0.8596147783629169,-0.06221720548666683,-0.06221720548666683,0.0992078035915797,0.26411599671872754,0.26411599671872754,-0.9092186801587068
13,0.5209122912334374,0.12999001455679587,0.06499500727839792,0.26411599671872754,0.26411599671872754,-0.9092186801587068,-0.06250426856473316,-0.06250426856473316,0.09530916381361984,0.2953681310010941,0.2953681310010941,-0.9568732620655167
14,0.5125431090116904,0.12757049757564626,0.06378524878782324,0.2953681310010941,0.2953681310010941,-0.9568732620655167,-0.06253090672219336,-0.06253090672219336,0.09194565384344534,0.3266335843621908,0.3266335843621908,-1.0028460889872395
15,0.5044790163955664,0.1253003220509652,0.06265016102548264,0.3266335843621908,0.3266335843621908,-1.0028460889872395,-0.06235207714531028,-0.06235207714531028,0.08902026543100254,0.357809622934846,0.357809622934846,-1.0473562217027408
16,0.49669679961028623,0.123147887243029,0.06157394362151446,0.357809622934846,0.357809622934846,-1.0473562217027408,-0.062012001875727224,-0.062012001875727224,0.08645475914691678,0.38881562387270957,0.38881562387270957,-1.0905836012761991
17,0.489177733100127,0.12109154176478708,0.060545770882393456,0.38881562387270957,0.38881562387270957,-1.0905836012761991,-0.06154634299198074,-0.06154634299198074,0.08418584688414141,0.4195887953686999,0.4195887953686999,-1.1326765247182697
18,0.481906196055791,0.11911632903247107,0.059558164516235454,0.4195887953686999,0.4195887953686999,-1.1326765247182697,-0.06098389727144475,-0.06098389727144475,0.08216220779253475,0.4500807440044223,0.4500807440044223,-1.173757628614537
19,0.47486875836936265,0.11721179232446315,0.05860589616223157,0.4500807440044223,0.4500807440044223,-1.173757628614537,-0.060347929002163764,-0.060347929002163764,0.08034213832238149,0.48025470850550417,0.48025470850550417,-1.2139286977757278
20,0.46805357420389376,0.11537049647919492,0.057685248239597475,0.48025470850550417,0.48025470850550417,-1.2139286977757278,-0.05965722714799311,-0.05965722714799311,0.07869168924277478,0.5100833220795007,0.5100833220795007,-1.2532745423971152
21,0.46144997764663587,0.11358703353577401,0.05679351676788704,0.5100833220795007,0.5100833220795007,-1.2532745423971152,-0.05892695007521978,-0.05892695007521978,0.07718318014387696,0.5395467971171106,0.5395467971171106,-1.2918661324690537
22,0.4550482113438403,0.1118573548996113,0.055928677449805626,0.5395467971171106,0.5395467971171106,-1.2918661324690537,-0.05816930471861252,-0.05816930471861252,0.07579400914481302,0.5686314494764169,0.5686314494764169,-1.3297631370414602
23,0.44883924273830583,0.11017832367288084,0.055089161836440415,0.5686314494764169,0.5686314494764169,-1.3297631370414602,-0.05739409539405549,-0.05739409539405549,0.07450569532030564,0.5973284971734446,0.5973284971734446,-1.367015984701613
24,0.44281463805488575,0.10854741531583287,0.05427370765791654,0.5973284971734446,0.5973284971734446,-1.367015984701613,-0.05660916904665714,-0.05660916904665714,0.07330310587854992,0.6256330816967732,0.6256330816967732,-1.403667537640888
25,0.4369664743747642,0.10696251812830843,0.05348125906415419,0.6256330816967732,0.6256330816967732,-1.403667537640888,-0.055820777580805586,-0.055820777580805586,0.07217383088694387,0.653543470487176,0.653543470487176,-1.43975445308436
26,0.4312872768523061,0.10542180079591836,0.05271090039795925,0.653543470487176,0.653543470487176,-1.43975445308436,-0.055033873377535,-0.055033873377535,0.07110767641531525,0.6810604071759435,0.6810604071759435,-1.4753082912920177
27,0.42576997255495685,0.10392362489205438,0.05196181244602721,0.6810604071759435,0.6810604071759435,-1.4753082912920177,-0.05425235069969396,-0.05425235069969396,0.07009625309400822,0.7081865825257905,0.7081865825257905,-1.5103564178390219
28,0.42040785532744634,0.10246648742442906,0.051233243712214514,0.7081865825257905,0.7081865825257905,-1.5103564178390219,-0.05347924309561211,-0.05347924309561211,0.06913264179055742,0.7349262040735965,0.7349262040735965,-1.5449227387343005
29,0.4151945580082515,0.10104898338162259,0.05052449169081126,0.7349262040735965,0.7349262040735965,-1.5449227387343005,-0.052716884914556256,-0.052716884914556256,0.0682111217637586,0.7612846465308747,0.7612846465308747,-1.5790282996161797
30,0.4101240295959312,0.09966978152553416,0.04983489076276705,0.7612846465308747,0.7612846465308747,-1.5790282996161797,-0.05196704348675733,-0.05196704348675733,0.0673269495212627,0.7872681682742534,0.7872681682742534,-1.612691774376811
31,0.40519051579811993,0.09832760889915879,0.04916380444957946,0.7872681682742534,0.7872681682742534,-1.612691774376811,-0.05123102728753087,-0.05123102728753087,0.06647617887600388,0.8128836819180189,0.8128836819180189,-1.645929863814813
32,0.40038854194392964,0.09702124102026667,0.04851062051013334,0.8128836819180189,0.8128836819180189,-1.645929863814813,-0.05050977442075616,-0.05050977442075616,0.06565551450595242,0.8381385691283969,0.8381385691283969,-1.6787576210677893
33,0.3957128975988101,0.09574949574360077,0.047874747871800384,0.8381385691283969,0.8381385691283969,-1.6787576210677893,-0.049803924965034316,-0.049803924965034316,0.0648621927728957,0.8630405316109141,0.8630405316109141,-1.711188717454237
34,0.39115862245418276,0.09451122945519232,0.047255614727596054,0.8630405316109141,0.8630405316109141,-1.711188717454237,-0.04911388008449463,-0.04911388008449463,0.06409388472564113,0.8875974716531614,0.8875974716531614,-1.7432356598170575
35,0.38672099321521397,0.09330533471947053,0.04665266735973522,0.8875974716531614,0.8875974716531614,-1.7432356598170575,-0.048439850284223415,-0.048439850284223415,0.06334861715930724,0.9118173967952731,0.9118173967952731,-1.7749099683967111
36,0.38239551130725363,0.09213073880566054,0.04606536940283035,0.9118173967952731,0.9118173967952731,-1.7749099683967111,-0.047781894763841454,-0.047781894763841454,0.06262470837002922,0.9357083441771938,0.9357083441771938,-1.8062223225817258
37,0.37817789128344825,0.0909864027237575,0.045493201361878684,0.9357083441771938,0.9357083441771938,-1.8062223225817258,-0.04713995347345008,-0.04713995347345008,0.061920715868372445,0.9592783209139188,0.9592783209139188,-1.837182680515912
38,0.3740640498551894,0.08987132053548658,0.044935660267743205,0.9592783209139188,0.9592783209139188,-1.837182680515912,-0.04651387318951632,-0.04651387318951632,0.06123539382261996,0.982535257508677,0.982535257508677,-1.8678003774272218
39,0.37005009549147927,0.08878451879466857,0.04439225939733436,0.982535257508677,0.982535257508677,-1.8678003774272218,-0.04590342869277578,-0.04590342869277578,0.060567658416809854,1.005486971855065,1.005486971855065,-1.8980842066356267
40,0.36613231854830963,0.08772505602956006,0.04386252801478007,1.005486971855065,1.005486971855065,-1.8980842066356267,-0.04530833993664132,-0.04530833993664132,0.05991655964556842,1.0281411418233857,1.0281411418233857,-1.928042486458411
41,0.362307181898204,0.08669202221730544,0.043346011108652785,1.0281411418233857,1.0281411418233857,-1.928042486458411,-0.04472828593542201,-0.04472828593542201,0.05928125834261653,1.0505052847910967,1.0505052847910967,-1.9576831156297192
42,0.3585713120354303,0.08568453822455337,0.042842269112276794,1.0505052847910967,1.0505052847910967,-1.9576831156297192,-0.04416291597076755,-0.04416291597076755,0.0586610074638409,1.0725867427764806,1.0725867427764806,-1.9870136193616397
43,0.3549214906354766,0.08470175520319571,0.042350877601597954,1.0725867427764806,1.0725867427764806,-1.9870136193616397,-0.04361185860715125,-0.04361185860715125,0.05805513682837882,1.0943926720800563,1.0943926720800563,-2.016041187775829
44,0.3513546465491309,0.08374285393920004,0.04187142696960001,1.0943926720800563,1.0943926720800563,-2.016041187775829,-0.04307472891877781,-0.04307472891877781,0.057463040669893245,1.1159300365394451,1.1159300365394451,-2.044772708110776
45,0.3478678482124844,0.08280704415769763,0.041403522078848634,1.1159300365394451,1.1159300365394451,-2.044772708110776,-0.04255113425765983,-0.04255113425765983,0.05688416747134567,1.137205603668275,1.137205603668275,-2.0732147918464485
46,0.3444582964547534,0.08189356379023928,0.040946781895119515,1.137205603668275,1.137205603668275,-2.0732147918464485,-0.04204067883296121,-0.04204067883296121,0.05631801165518545,1.1582259430847555,1.1582259430847555,-2.101373797674041
47,0.3411233176861951,0.08100167821135036,0.04050083910567499,1.1582259430847555,1.1582259430847555,-2.101373797674041,-0.041542967322753754,-0.041542967322753754,0.055764106781122036,1.1789974267461323,1.1789974267461323,-2.129255851064602
48,0.3378603574487078,0.0801306794517989,0.040065339725899395,1.1789974267461323,1.1789974267461323,-2.129255851064602,-0.04105760769917137,-0.04105760769917137,0.055222019968929364,1.199526230595718,1.199526230595718,-2.1568668610490667
49,0.3346669743120281,0.07927988539572695,0.0396399426978637,1.199526230595718,1.199526230595718,-2.1568668610490667,-0.04058421341501835,-0.04058421341501835,0.05469134731681136,1.2198183373032272,1.2198183373032272,-2.1842125347074726
50,0.33154083409878565,0.07844863896823208,0.039224319484116116,1.2198183373032272,1.2198183373032272,-2.1842125347074726,-0.040122405072893066,-0.040122405072893066,0.05417171012900912,1.2398795398396738,1.2398795398396738,-2.211298389771977
51,0.3284797044220902,0.0776363073192796,0.03881815365963981,1.2398795398396738,1.2398795398396738,-2.211298389771977,-0.03967181167577258,-0.03967181167577258,0.053662751801391045,1.25971544567756,1.25971544567756,-2.2381297656726726
52,0.3254814495197729,0.07684228100907665,0.038421140504538355,1.25971544567756,1.25971544567756,-2.2381297656726726,-0.03923207153988667,-0.03923207153988667,0.05316413524225079,1.2793314814475034,1.2793314814475034,-2.264711833293798
53,0.322544025369915,0.07606597319929949,0.038032986599649904,1.2793314814475034,1.2793314814475034,-2.264711833293798,-0.03880283293587622,-0.03880283293587622,0.0526755407286675,1.2987328979154416,1.2987328979154416,-2.291049603658132
54,0.3196654750728286,0.07530681885387162,0.03765340942693571,1.2987328979154416,1.2987328979154416,-2.291049603658132,-0.038383754512084464,-0.038383754512084464,0.05219666411756508,1.3179247751714838,1.3179247751714838,-2.3171479357169145
55,0.3168439244852293,0.0745642739523569,0.03728213697617861,1.3179247751714838,1.3179247751714838,-2.3171479357169145,-0.03797450554389341,-0.03797450554389341,0.05172721534584815,1.3369120279434306,1.3369120279434306,-2.3430115433898386
56,0.3140775780929233,0.0738378147184648,0.036918907359232374,1.3369120279434306,1.3369120279434306,-2.3430115433898386,-0.03757476604488254,-0.03757476604488254,0.0512669171663659,1.3556994109658718,1.3556994109658718,-2.3686450019730216
57,0.31136471510893116,0.07312693686566614,0.03656346843283301,1.3556994109658718,1.3556994109658718,-2.3686450019730216,-0.03718422676893389,-0.03718422676893389,0.050815504076493455,1.3742915243503386,1.3742915243503386,-2.3940527540112684
58,0.30870368578457197,0.07243115486148272,0.03621557743074127,1.3742915243503386,1.3742915243503386,-2.3940527540112684,-0.03680258912696742,-0.03680258912696742,0.050372721404261356,1.3926928189138224,1.3926928189138224,-2.419239114713399
59,0.3060929079216273,0.07175000121163867,0.03587500060581941,1.3926928189138224,1.3926928189138224,-2.419239114713399,-0.03642956503753811,-0.03642956503753811,0.0499383245235732,1.4109076014325914,1.4109076014325914,-2.4442082769751856
60,0.30353086357429754,0.07108302576493988,0.0355415128824699,1.4109076014325914,1.4109076014325914,-2.4442082769751856,-0.036064876726890016,-0.036064876726890016,0.04951207817540647,1.4289400397960363,1.4289400397960363,-2.468964316062889
61,0.3010160959302368,0.07042979503947376,0.03521489751973687,1.4289400397960363,1.4289400397960363,-2.468964316062889,-0.035708256491087303,-0.035708256491087303,0.04909375587623872,1.44679416804158,1.44679416804158,-2.4935111940010084
62,0.29854720636051824,0.06978989157049008,0.034894945785244845,1.44679416804158,1.44679416804158,-2.4935111940010084,-0.035359446430413374,-0.035359446430413374,0.048683139398463374,1.4644738912567865,1.4644738912567865,-2.51785276370024
63,0.2961228516289215,0.06916291328012927,0.03458145664006464,1.4644738912567865,1.4644738912567865,-2.51785276370024,-0.035018198164243994,-0.035018198164243994,0.048280018310416575,1.4819829903389086,1.4819829903389086,-2.541992772855448
64,0.29374174125146346,0.06854847286900133,0.034274236434500616,1.4819829903389086,1.4819829903389086,-2.541992772855448,-0.03468427253298019,-0.03468427253298019,0.047884189565953014,1.4993251266053986,1.4993251266053986,-2.5659348676384246
65,0.2914026349975898,0.06794619722948415,0.033973098614742014,1.4993251266053986,1.4993251266053986,-2.5659348676384246,-0.03435743929230296,-0.03435743929230296,0.0474954571353871,1.51650384625155,1.51650384625155,-2.589682596206118
66,0.289104340524934,0.06735572688049925,0.033677863440249735,1.51650384625155,1.51650384625155,-2.589682596206118,-0.034037476803934555,-0.034037476803934555,0.04711363167113784,1.5335225846535174,1.5335225846535174,-2.613239412041687
67,0.28684571114000473,0.06677671542343161,0.03338835771171568,1.5335225846535174,1.5335225846535174,-2.613239412041687,-0.03372417172621309,-0.03372417172621309,0.04673853020264704,1.550384670516624,1.550384670516624,-2.6366086771430104
68,0.2846256436776018,0.06620882901878924,0.03310441450939461,1.550384670516624,1.550384670516624,-2.6366086771430104,-0.03341731870706806,-0.03341731870706806,0.04636997585614798,1.567093329870158,1.567093329870158,-2.6597936650710845
69,0.2824430764921774,0.06565174588313834,0.03282587294156911,1.567093329870158,1.567093329870158,-2.6597936650710845,-0.033116720081407605,-0.033116720081407605,0.046007797595663716,1.5836516899108617,1.5836516899108617,-2.6827975638689163
70,0.28029698755475413,0.06510515580580686,0.032552577902903494,1.5836516899108617,1.5836516899108617,-2.6827975638689163,-0.03282218557445145,-0.03282218557445145,0.04565182998227925,1.6000627826980873,1.6000627826980873,-2.705623478860056
71,0.2781863926493814,0.0645687596848142,0.032284379842407264,1.6000627826980873,1.6000627826980873,-2.705623478860056,-0.03253353201216475,-0.03253353201216475,0.04530191294925845,1.6163295487041698,1.6163295487041698,-2.7282744353346855
72,0.27611034366347037,0.06404226908145998,0.03202113454072989,1.6163295487041698,1.6163295487041698,-2.7282744353346855,-0.03225058303963431,-0.03225058303963431,0.04495789159101469,1.632454840223987,1.632454840223987,-2.7507533811301927
73,0.2740679269666758,0.06352540579298875,0.0317627028964944,1.632454840223987,1.632454840223987,-2.7507533811301927,-0.0319731688479836,-0.0319731688479836,0.04461961596428807,1.6484414246479786,1.6484414246479786,-2.773063189112337
74,0.27205826187331184,0.06301790144273582,0.03150895072136801,1.6484414246479786,1.6484414246479786,-2.773063189112337,-0.03170112591021811,-0.03170112591021811,0.04428694090017239,1.6642919876030877,1.6642919876030877,-2.795206659562423
75,0.27008049918358323,0.06251949708715553,0.03125974854357775,1.6642919876030877,1.6642919876030877,-2.795206659562423,-0.031434296726235274,-0.031434296726235274,0.043959725825860614,1.6800091359662053,1.6800091359662053,-2.8171865224753536
76,0.26813381979919537,0.0620299428391322,0.031014971419566034,1.6800091359662053,1.6800091359662053,-2.8171865224753536,-0.03117252957710402,-0.03117252957710402,0.04363783459516705,1.6955954007547573,1.6955954007547573,-2.839005439772937
77,0.2662174334091659,0.061548997506978106,0.030774498753489046,1.6955954007547573,1.6955954007547573,-2.839005439772937,-0.030915678288617368,-0.030915678288617368,0.043321135327036644,1.711053239899066,1.711053239899066,-2.860666007436455
78,0.26433057724191383,0.06107642824852852,0.03053821412426449,1.711053239899066,1.711053239899066,-2.860666007436455,-0.03066360200404386,-0.03066360200404386,0.043009500251372915,1.7263850409010881,1.7263850409010881,-2.882170757562142
79,0.2624725148799292,0.06061201023975389,0.03030600511987705,1.7263850409010881,1.7263850409010881,-2.882170757562142,-0.0304161649659402,-0.0304161649659402,0.04270280556161919,1.7415931233840583,1.7415931233840583,-2.9035221603429515
80,0.2606425351335504,0.06015552635731996,0.03007776317865995,1.7415931233840583,1.7415931233840583,-2.9035221603429515,-0.030173236306841385,-0.030173236306841385,0.042400931273608056,1.7566797415374789,1.7566797415374789,-2.9247226259797556
81,0.2588399509705786,0.059706766874539234,0.02985338343726979,1.7566797415374789,1.7566797415374789,-2.9247226259797556,-0.029934689848609558,-0.029934689848609558,0.042103761090259845,1.7716470864617837,1.7716470864617837,-2.9457745065248857
82,0.2570640984986534,0.05926552917017173,0.029632764585085812,1.7716470864617837,1.7716470864617837,-2.9457745065248857,-0.02970040391019582,-0.02970040391019582,0.04181118227176703,1.7864972884168817,1.7864972884168817,-2.966680097660769
83,0.25531433599749587,0.05883161744954775,0.029415808724773968,1.7864972884168817,1.7864972884168817,-2.966680097660769,-0.029470261123551188,-0.029470261123551188,0.041523085510946155,1.8012324189786573,1.8012324189786573,-2.9874416404162423
84,0.2535900429982958,0.058404842477501225,0.02920242123875083,1.8012324189786573,1.8012324189786573,-2.9874416404162423,-0.029244148257412686,-0.029244148257412686,0.04123936481347239,1.8158544931073637,1.8158544931073637,-3.0080613228229787
85,0.2518906194076779,0.057985021322618194,0.02899251066130904,1.8158544931073637,1.8158544931073637,-3.0080613228229787,-0.02902195604867954,-0.02902195604867954,0.040959917382747645,1.8303654711317034,1.8303654711317034,-3.0285412815143524
86,0.2502154846738359,0.05757197711232206,0.028785988556161175,1.8303654711317034,1.8303654711317034,-3.0285412815143524,-0.028803579041096268,-0.028803579041096268,0.040684643509171545,1.8447672606522516,1.8447672606522516,-3.0488836032689384
87,0.2485640769925616,0.057165538798333346,0.028582769399166683,1.8447672606522516,1.8447672606522516,-3.0488836032689384,-0.028588915430955014,-0.028588915430955014,0.040413446463611086,1.8590617183677292,1.8590617183677292,-3.069090326500744
88,0.24693585255102954,0.05676554093205882,0.02838277046602945,1.8590617183677292,1.8590617183677292,-3.069090326500744,-0.028377866919534457,-0.028377866919534457,0.04014623239487897,1.8732506518274963,1.8732506518274963,-3.0891634426981835
89,0.24533028480732288,0.05637182344948117,0.02818591172474055,1.8732506518274963,1.8732506518274963,-3.0891634426981835,-0.028170338571996474,-0.028170338571996474,0.03988291023104571,1.8873358211134945,1.8873358211134945,-3.1091048978137064
90,0.24374686380380262,0.05598423146513726,0.02799211573256877,1.8873358211134945,1.8873358211134945,-3.1091048978137064,-0.027966238682466664,-0.027966238682466664,0.03962339158442491,1.901318940454728,1.901318940454728,-3.128916593605919
91,0.24218509551253128,0.055602615074788544,0.027801307537394345,1.901318940454728,1.901318940454728,-3.128916593605919,-0.027765478645033558,-0.027765478645033558,0.03936759066007815,1.9152016797772446,1.9152016797772446,-3.148600388935958
92,0.24064450121106631,0.05522682916640374,0.027613414583202007,1.9152016797772446,1.9152016797772446,-3.148600388935958,-0.02756797283040663,-0.02756797283040663,0.03911542416769971,1.928985666192448,1.928985666192448,-3.168158101019808
93,0.23912461688703457,0.05485673323908906,0.02742836661954456,1.928985666192448,1.928985666192448,-3.168158101019808,-0.027373638467983873,-0.027373638467983873,0.03886681123674549,1.9426724854264399,1.9426724854264399,-3.187591506638181
94,0.23762499266998993,0.054492191229616335,0.027246095614808164,1.9426724854264399,1.9426724854264399,-3.187591506638181,-0.02718239553308719,-0.02718239553308719,0.03862167333467931,1.9562636831929834,1.9562636831929834,-3.206902343305521
95,0.23614519228914188,0.05413307134621421,0.027066535673107177,1.9562636831929834,1.9562636831929834,-3.206902343305521,-0.026994166639132254,-0.026994166639132254,0.038379934188216586,1.9697607665125496,1.9697607665125496,-3.226092310399629
96,0.23468479255562313,0.05377924590930201,0.026889622954650926,1.9697607665125496,1.9697607665125496,-3.226092310399629,-0.0268088769345102,-0.0268088769345102,0.0381415197074494,1.9831652049798048,1.9831652049798048,-3.2451630702533536
97,0.23324338286803822,0.05343059119885918,0.02671529559942964,1.9831652049798048,1.9831652049798048,-3.2451630702533536,-0.026626454003965648,-0.026626454003965648,0.037906357912743494,1.9964784319817876,1.9964784319817876,-3.2641162492097253
98,0.2318205647401081,0.053086987308136976,0.026543493654068676,1.9964784319817876,1.9964784319817876,-3.2641162492097253,-0.02644682777426549,-0.02644682777426549,0.03767437886430214,2.0097018458689204,2.0097018458689204,-3.2829534386418766
99,0.23041595134928972,0.052748318003431834,0.02637415900171581,2.0097018458689204,2.0097018458689204,-3.2829534386418766,-0.026269930423961377,-0.026269930423961377,0.0374455145942959,2.022836811080901,2.022836811080901,-3.3016761959390246
100,0.22902916710531515,0.052414470589652144,0.02620723529482623,2.022836811080901,2.022836811080901,-3.3016761959390246,-0.026095696297057693,-0.026095696297057693,0.037219699041461475,2.03588465922943,2.03588465922943,-3.3202860454597554
101,0.2276598472376486,0.05208533578142199,0.026042667890710955,2.03588465922943,2.03588465922943,-3.3202860454597554,-0.02592406182040466,-0.02592406182040466,0.036996867988076415,2.0488466901396323,2.0488466901396323,-3.3387844794537935
102,0.22630763740092147,0.051760807579477236,0.025880403789738573,2.0488466901396323,2.0488466901396323,-3.3387844794537935,-0.025754965424645018,-0.025754965424645018,0.036776958999220524,2.061724172851955,2.061724172851955,-3.3571729589534036
103,0.22497219329745138,0.0514407831521198,0.025720391576059785,2.061724172851955,2.061724172851955,-3.3571729589534036,-0.025588347468549398,-0.025588347468549398,0.0365599113642385,2.0745183465862294,2.0745183465862294,-3.375452914635523
104,0.2236531803160039,0.051125162721507064,0.02556258136075386,2.0745183465862294,2.0745183465862294,-3.375452914635523,-0.025424150166584628,-0.025424150166584628,0.036345666040320204,2.087230421669522,2.087230421669522,-3.3936257476556833
105,0.22235027318599992,0.05081384945456302,0.025406924727281448,2.087230421669522,2.087230421669522,-3.3936257476556833,-0.02526231751956537,-0.02526231751956537,0.0361341655981194,2.0998615804293044,2.0998615804293044,-3.411692830454743
106,0.2210631556464162,0.05050674935830773,0.025253374679153784,2.0998615804293044,2.0998615804293044,-3.411692830454743,-0.02510279524824731,-0.02510279524824731,0.0359253541693337,2.112412978053428,2.112412978053428,-3.42965550753941
107,0.219791520128664,0.05020377117941057,0.025101885589705258,2.112412978053428,2.112412978053428,-3.42965550753941,-0.02494553072972508,-0.02494553072972508,0.035719177396173314,2.1248857434182904,2.1248857434182904,-3.4475150962374967
108,0.21853506745277487,0.049904826307782306,0.024952413153891292,2.1248857434182904,2.1248857434182904,-3.4475150962374967,-0.024790472936507636,-0.024790472936507636,0.035515582382645586,2.1372809798865444,2.1372809798865444,-3.4652728874288194
109,0.2172935065362533,0.04960982868402863,0.024804914342014404,2.1372809798865444,2.1372809798865444,-3.4652728874288194,-0.02463757237814692,-0.02463757237814692,0.035314517647588126,2.149599766075618,2.149599766075618,-3.4829301462526137
110,0.21606655411499132,0.04931869471059642,0.0246593473552982,2.149599766075618,2.149599766075618,-3.4829301462526137,-0.024486781045302844,-0.024486781045302844,0.03511593307938444,2.161843156598269,2.161843156598269,-3.500488112792306
111,0.21485393447567583,0.04903134316645192,0.024515671583225842,2.161843156598269,2.161843156598269,-3.500488112792306,-0.024338052356133788,-0.024338052356133788,0.03491977989229818,2.174012182776336,2.174012182776336,-3.517948002738455
112,0.21365537919914301,0.048747695125136506,0.024373847562568055,2.174012182776336,2.174012182776336,-3.517948002738455,-0.024191341104905666,-0.024191341104905666,0.03472601058436543,2.1861078533287888,2.1861078533287888,-3.5353110080306376
113,0.21247062691416915,0.04846767387605399,0.02423383693802681,2.1861078533287888,2.1861078533287888,-3.5353110080306376,-0.02404660341271938,-0.02404660341271938,0.034534578896785635,2.1981311550351483,2.1981311550351483,-3.5525782974790303
114,0.2112994230612097,0.04819120484884912,0.0240956024244248,2.1981311550351483,2.1981311550351483,-3.5525782974790303,-0.023903796680260013,-0.023903796680260013,0.034345439774754946,2.2100830533752784,2.2100830533752784,-3.569751017366408
115,0.21014151966562555,0.047918215540743894,0.023959107770371815,2.2100830533752784,2.2100830533752784,-3.569751017366408,-0.023762879542476197,-0.023762879542476197,0.0341585493296879,2.2219644931465163,2.2219644931465163,-3.586830292031252
116,0.20899667511995915,0.04764863544670418,0.023824317723352,2.2219644931465163,2.2219644931465163,-3.586830292031252,-0.02362381182510318,-0.02362381182510318,0.03397386480277368,2.2337763990590678,2.2337763990590678,-3.603817224432639
117,0.2078646539748446,0.04738239599231513,0.023691197996157515,2.2337763990590678,2.2337763990590678,-3.603817224432639,-0.023486554502945747,-0.023486554502945747,0.03379134452981826,2.2455196763105407,2.2455196763105407,-3.620712896697548
118,0.20674522673815948,0.04711943046924941,0.023559715234624853,2.2455196763105407,2.2455196763105407,-3.620712896697548,-0.023351069659842974,-0.023351069659842974,0.033610947907322566,2.2571952111404623,2.2571952111404623,-3.6375183706512093
119,0.2056381696820431,0.046859673973217386,0.023429836986609016,2.2571952111404623,2.2571952111404623,-3.6375183706512093,-0.023217320450239068,-0.023217320450239068,0.033432635359750634,2.268803871365582,2.268803871365582,-3.654234688331085
120,0.20454326465742728,0.0466030633442938,0.023301531672146995,2.268803871365582,2.268803871365582,-3.654234688331085,-0.023085271062289074,-0.023085271062289074,0.033256368307942735,2.2803465068967266,2.2803465068967266,-3.6708628724850563
121,0.20346029891574283,0.04634953710951987,0.023174768554759702,2.2803465068967266,2.2803465068967266,-3.6708628724850563,-0.02295488668243114,-0.02295488668243114,0.03308210913863036,2.291823950237942,2.291823950237942,-3.6874039270543713
122,0.20238906493748116,0.04609903542768487,0.023049517713842293,2.291823950237942,2.291823950237942,-3.6874039270543713,-0.02282613346136067,-0.02282613346136067,0.03290982117501167,2.3032370169686223,2.3032370169686223,-3.703858837641877
123,0.20132936026730747,0.04585150003619494,0.022925750018097685,2.3032370169686223,2.3032370169686223,-3.703858837641877,-0.022698978481344577,-0.022698978481344577,0.03273946864834701,2.3145865062092947,2.3145865062092947,-3.7202285719660506
124,0.20028098735543723,0.045606874199941826,0.0228034370999707,2.3145865062092947,2.3145865062092947,-3.7202285719660506,-0.022573389724816727,-0.022573389724816727,0.032571016670536954,2.325873201071703,2.325873201071703,-3.736514080301319
125,0.1992437534049994,0.045365102662087396,0.022682551331043674,2.325873201071703,2.325873201071703,-3.736514080301319,-0.02244933604419868,-0.02244933604419868,0.032404431207645246,2.3370978690938022,2.3370978690938022,-3.7527162959051417
126,0.1982174702251278,0.04512613159668442,0.02256306579834195,2.3370978690938022,2.3370978690938022,-3.7527162959051417,-0.0223267871328921,-0.0223267871328921,0.03223967905433191,2.348261262660248,2.348261262660248,-3.7688361354323074
127,0.19720195408953034,0.044889908563056864,0.022444954281528224,2.348261262660248,2.348261262660248,-3.7688361354323074,-0.022205713497392462,-0.022205713497392462,0.032076727809161744,2.3593641194089443,2.3593641194089443,-3.784874499336888
128,0.19619702560030078,0.044656382461867115,0.022328191230933568,2.3593641194089443,2.3593641194089443,-3.784874499336888,-0.022086086430475202,-0.022086086430475202,0.03191554585075604,2.370407162624182,2.370407162624182,-3.8008322722622663
129,0.19520250955674834,0.044425503492800236,0.02221275174639988,2.370407162624182,2.370407162624182,-3.8008322722622663,-0.021967877985408342,-0.021967877985408342,0.031756102314755646,2.381391101616886,2.381391101616886,-3.816710323419644
130,0.19421823482903006,0.04419722311379896,0.022098611556899368,2.381391101616886,2.381391101616886,-3.816710323419644,-0.02185106095114718,-0.02185106095114718,0.031598367071566,2.3923166320924594,2.3923166320924594,-3.832509506955427
131,0.1932440342363841,0.0439714940017857,0.021985747000892657,2.3923166320924594,2.3923166320924594,-3.832509506955427,-0.021735608828470178,-0.021735608828470178,0.03144231070485333,2.4031844365066943,2.4031844365066943,-3.8482306623078535
132,0.19227974442976814,0.04374827001481099,0.021874135007405645,2.4031844365066943,2.4031844365066943,-3.8482306623078535,-0.021621495807014605,-0.021621495807014605,0.03128790449076624,2.4139951844102017,2.4139951844102017,-3.8638746145532368
133,0.1913252057787192,0.043527506155570224,0.021763753077785154,2.4139951844102017,2.4139951844102017,-3.8638746145532368,-0.021508696743174724,-0.021508696743174724,0.031135120377854555,2.424749532781789,2.424749532781789,-3.879442174742164
134,0.19038026226225843,0.043309158536233315,0.021654579268116772,2.424749532781789,2.424749532781789,-3.879442174742164,-0.021397187138826206,-0.021397187138826206,0.030983930967659536,2.4354481263512024,2.4354481263512024,-3.8949341402259936
135,0.18944476136367305,0.04309318434453423,0.021546592172267103,2.4354481263512024,2.4354481263512024,-3.8949341402259936,-0.02128694312084159,-0.02128694312084159,0.030834309495951413,2.4460915979116233,2.4460915979116233,-3.910351294973969
136,0.1885185539690159,0.04287954181106984,0.0214397709055347,2.4460915979116233,2.4460915979116233,-3.910351294973969,-0.02117794142136392,-0.02117794142136392,0.03068622981459019,2.456680568622305,2.456680568622305,-3.925694409881264
137,0.18760149426916933,0.042668190177759524,0.021334095088879627,2.456680568622305,2.456680568622305,-3.925694409881264,-0.021070159358807045,-0.021070159358807045,0.03053966637398657,2.4672156483017087,2.4672156483017087,-3.940964243068257
138,0.18669343966532864,0.042459089667419105,0.021229544833709445,2.4672156483017087,2.4672156483017087,-3.940964243068257,-0.02096357481955223,-0.02096357481955223,0.030394594206141448,2.4776974357114847,2.4776974357114847,-3.956161540171328
139,0.1857942506777663,0.042252201454405273,0.021126100727202494,2.4776974357114847,2.4776974357114847,-3.956161540171328,-0.020858166240312934,-0.020858166240312934,0.030250988908242103,2.488126518831641,2.488126518831641,-3.971287034625449
140,0.184903790857744,0.04204748763628752,0.02102374381814384,2.488126518831641,2.488126518831641,-3.971287034625449,-0.02075391259113922,-0.02075391259113922,0.030108826626795957,2.498503475127211,2.498503475127211,-3.986341447938847
141,0.18402192670244666,0.04184491120650751,0.0209224556032541,2.498503475127211,2.498503475127211,-3.986341447938847,-0.02065079335903664,-0.02065079335903664,0.02996808404228128,2.5088288718067293,2.5088288718067293,-4.001325489959988
142,0.1831485275728177,0.041644436027986974,0.020822218013993837,2.5088288718067293,2.5088288718067293,-4.001325489959988,-0.020548788532174206,-0.020548788532174206,0.029828738354296364,2.5191032660728165,2.5191032660728165,-4.016239859137136
143,0.18228346561417985,0.04144602680764681,0.020723013403823452,2.5191032660728165,2.5191032660728165,-4.016239859137136,-0.020447878584656617,-0.020447878584656617,0.02969076726719033,2.5293272053651448,2.5293272053651448,-4.0310852427707315
144,0.18142661567953267,0.04124964907180233,0.020624824535900817,2.5293272053651448,2.5293272053651448,-4.0310852427707315,-0.020348044461840027,-0.020348044461840027,0.029554148976155707,2.5395012275960647,2.5395012275960647,-4.045862317258809
145,0.18057785525541994,0.041055269142400125,0.020527634571199965,2.5395012275960647,2.5395012275960647,-4.045862317258809,-0.020249267566166976,-0.020249267566166976,0.029418862153769106,2.5496258613791483,2.5496258613791483,-4.060571748335693
146,0.17973706439026818,0.04086285411406444,0.020431427057032304,2.5496258613791483,2.5496258613791483,-4.060571748335693,-0.020151529743501755,-0.020151529743501755,0.029284885936961436,2.559701626250899,2.559701626250899,-4.075214191304174
147,0.17890412562509922,0.040672371831921746,0.020336185915960415,2.559701626250899,2.559701626250899,-4.075214191304174,-0.02005481326994507,-0.02005481326994507,0.029152199914403914,2.5697290328858715,2.5697290328858715,-4.089790291261376
148,0.17807892392652536,0.040483790870173494,0.02024189543508649,2.5697290328858715,2.5697290328858715,-4.089790291261376,-0.019959100839108908,-0.019959100839108908,0.02902078411429483,2.579708583305426,2.579708583305426,-4.104300683318523
149,0.17726134662193943,0.04029708051138883,0.02014854025569426,2.579708583305426,2.579708583305426,-4.104300683318523,-0.019864375549834702,-0.019864375549834702,0.028890618992531338,2.5896407710803433,2.5896407710803433,-4.118745992814788
150,0.17645128333681562,0.040112210726489565,0.02005610536324474,2.5896407710803433,2.5896407710803433,-4.118745992814788,-0.01977062089433517,-0.01977062089433517,0.02876168542125547,2.599526081527511,2.599526081527511,-4.133126835525416
151,0.1756486259340414,0.03992915215540142,0.01996457607770059,2.599526081527511,2.599526081527511,-4.133126835525416,-0.019677820746745733,-0.019677820746745733,0.028633964677757855,2.609364991900884,2.609364991900884,-4.1474438178642945
152,0.17485326845520202,0.03974787608834616,0.01987393804417326,2.609364991900884,2.609364991900884,-4.1474438178642945,-0.019585959352066876,-0.019585959352066876,0.02850743843372969,2.6191579715769175,2.6191579715769175,-4.161697537081159
153,0.17406510706374695,0.03956835444775091,0.01978417722387588,2.6191579715769175,2.6191579715769175,-4.161697537081159,-0.019495021315485028,-0.019495021315485028,0.028382088744847832,2.6289054822346603,2.6289054822346603,-4.1758885814535835
154,0.17328403998996428,0.03939055977075107,0.0196952798853753,2.6289054822346603,2.6289054822346603,-4.1758885814535835,-0.01940499159205438,-0.01940499159205438,0.028257898040684307,2.6386079780306875,2.6386079780306875,-4.190017530473925
155,0.17250996747769903,0.03921446519226521,0.01960723259613235,2.6386079780306875,2.6386079780306875,-4.190017530473925,-0.019315855476728552,-0.019315855476728552,0.028134849114925968,2.6482659057690516,2.6482659057690516,-4.204084955031388
156,0.17174279173274834,0.03904004442862034,0.01952002221431,2.6482659057690516,2.6482659057690516,-4.204084955031388,-0.019227598594726496,-0.019227598594726496,0.028012925115895933,2.657879705066415,2.657879705066415,-4.218091417589336
157,0.17098241687287305,0.0388672717617074,0.01943363588085377,2.657879705066415,2.657879705066415,-4.218091417589336,-0.019140206892221026,-0.019140206892221026,0.02789210953736499,2.6674498085125253,2.6674498085125253,-4.2320374723580185
158,0.170228748879366,0.038696122023647445,0.01934806101182362,2.6674498085125253,2.6674498085125253,-4.2320374723580185,-0.01905366662733747,-0.01905366662733747,0.027772386209643302,2.676976641826194,2.676976641826194,-4.24592366546284
159,0.16948169555012027,0.03852657058194974,0.01926328529097508,2.676976641826194,2.676976641826194,-4.24592366546284,-0.018967964361450283,-0.018967964361450283,0.02765373929094326,2.6864606240069193,2.6864606240069193,-4.259750535108312
160,0.16874116645414272,0.03835859332514382,0.01917929666257204,2.6864606240069193,2.6864606240069193,-4.259750535108312,-0.018883086950767375,-0.018883086950767375,0.027536153259002716,2.695902167482303,2.695902167482303,-4.273518611737813
161,0.1680070728874613,0.03819216664886839,0.019096083324434073,2.695902167482303,2.695902167482303,-4.273518611737813,-0.018799021538189825,-0.018799021538189825,0.027419612902962087,2.7053016782513977,2.7053016782513977,-4.287228418189295
162,0.16727932783037514,0.03802726744240034,0.019013633721200365,2.7053016782513977,2.7053016782513977,-4.287228418189295,-0.018715755545438195,-0.018715755545438195,0.027304103315484284,2.7146595560241167,2.7146595560241167,-4.300880469847037
163,0.16655784590600037,0.0378638730756082,0.01893193653780444,2.7146595560241167,2.7146595560241167,-4.300880469847037,-0.018633276665434795,-0.018633276665434795,0.02718960988511041,2.723976194356834,2.723976194356834,-4.314475274789593
164,0.1658425433400651,0.03770196138631461,0.018850980693156938,2.723976194356834,2.723976194356834,-4.314475274789593,-0.018551572854932183,-0.018551572854932183,0.027076118288843487,2.7332519807843,2.7332519807843,-4.328013333934014
165,0.16513333792190898,0.03754151066805338,0.018770755334026893,2.7332519807843,2.7332519807843,-4.328013333934014,-0.018470632327379444,-0.018470632327379444,0.02696361448495168,2.74248729694799,2.74248729694799,-4.34149514117649
166,0.16443014896664615,0.037382499658206836,0.018691249829103383,2.74248729694799,2.74248729694799,-4.34149514117649,-0.018390443546017037,-0.018390443546017037,0.026852084705984276,2.7516825187209983,2.7516825187209983,-4.354921183529482
167,0.1637328972784497,0.037224907526510295,0.018612453763255175,2.7516825187209983,2.7516825187209983,-4.354921183529482,-0.018310995217192032,-0.018310995217192032,0.02674151545199306,2.7608380163295942,2.7608380163295942,-4.368291941255479
168,0.16304150511491908,0.03706871386391033,0.01853435693195506,2.7608380163295942,2.7608380163295942,-4.368291941255479,-0.018232276283885615,-0.018232276283885615,0.02663189348395232,2.769954154471537,2.769954154471537,-4.381607887997455
169,0.16235589615249285,0.036913898671764665,0.018456949335882634,2.769954154471537,2.769954154471537,-4.381607887997455,-0.018154275919445212,-0.018154275919445212,0.026523205817370804,2.77903129243126,2.77903129243126,-4.3948694909061405
170,0.16167599545287065,0.0367604423513716,0.01838022117568579,2.77903129243126,2.77903129243126,-4.3948694909061405,-0.01807698352151406,-0.01807698352151406,0.02641543971608902,2.788069784192017,2.788069784192017,-4.408077210764185
171,0.16100172943041025,0.03660832569381756,0.0183041628469089,2.788069784192017,2.788069784192017,-4.408077210764185,-0.01800038870615063,-0.01800038870615063,0.02630858268625645,2.797069978545092,2.797069978545092,-4.421231502107314
172,0.1603330258204651,0.036457529870131525,0.018228764935065624,2.797069978545092,2.797069978545092,-4.421231502107314,-0.017924481302131333,-0.017924481302131333,0.02620262247048224,2.8060322191961578,2.8060322191961578,-4.434332813342555
173,0.1596698136486325,0.03630803642173601,0.0181540182108683,2.8060322191961578,2.8060322191961578,-4.434332813342555,-0.017849251345430486,-0.017849251345430486,0.026097547042153297,2.814956844868873,2.814956844868873,-4.4473815868636315
174,0.1590120232008793,0.03615982725118408,0.018079913625591686,2.814956844868873,2.814956844868873,-4.4473815868636315,-0.017774689073870246,-0.017774689073870246,0.025993344599915383,2.823844189405808,2.823844189405808,-4.460378259163589
175,0.15835958599451733,0.03601288461317287,0.018006442306586563,2.823844189405808,2.823844189405808,-4.460378259163589,-0.01770078492193526,-0.01770078492193526,0.025890003562311113,2.8326945818667757,2.8326945818667757,-4.473323260944745
176,0.15771243474999952,0.03586719110582382,0.017933595552911796,2.8326945818667757,2.8326945818667757,-4.473323260944745,-0.01762752951574617,-0.01762752951574617,0.025787512562569555,2.8415083466246487,2.8415083466246487,-4.486217017226029
177,0.15707050336350917,0.03572272966222097,0.017861364831110418,2.8415083466246487,2.8415083466246487,-4.486217017226029,-0.0175549136681857,-0.0175549136681857,0.025685860443543942,2.8502858034587417,2.8502858034587417,-4.499059947447801
178,0.15643372688031643,0.03557948354219809,0.017789741771099106,2.8502858034587417,2.8502858034587417,-4.499059947447801,-0.017482928374173215,-0.017482928374173215,0.025585036252790468,2.8590272676458284,2.8590272676458284,-4.511852465574196
179,0.1558020414688765,0.03543743632436672,0.017718718162183424,2.8590272676458284,2.8590272676458284,-4.511852465574196,-0.017411564806081622,-0.017411564806081622,0.025485029237785572,2.8677330500488694,2.8677330500488694,-4.524594980193089
180,0.15517538439564532,0.03529657189837662,0.017648285949188318,2.8677330500488694,2.8677330500488694,-4.524594980193089,-0.017340814309291644,-0.017340814309291644,0.025385828841276832,2.8764034572035153,2.8764034572035153,-4.537287894613727
181,0.15455369400058933,0.035156874457401135,0.01757843722870057,2.8764034572035153,2.8764034572035153,-4.537287894613727,-0.01727066839787962,-0.01727066839787962,0.025287424696762394,2.8850387914024553,2.8850387914024553,-4.549931606962108
182,0.15393690967336643,0.03501832849083973,0.017509164245420226,2.8850387914024553,2.8850387914024553,-4.549931606962108,-0.01720111875043341,-0.01720111875043341,0.025189806624095663,2.893639350777672,2.893639350777672,-4.562526510274156
183,0.15332497183015692,0.03488091877723072,0.017440459388615232,2.893639350777672,2.893639350777672,-4.562526510274156,-0.01713215720599231,-0.01713215720599231,0.02509296462521115,2.9022054293806683,2.9022054293806683,-4.575072992586762
184,0.1527178218911232,0.03474463037736708,0.017372315188683624,2.9022054293806683,2.9022054293806683,-4.575072992586762,-0.017063775760106564,-0.017063775760106564,0.024996888879967816,2.9107373172607214,2.9107373172607214,-4.587571437026746
185,0.15211540225847814,0.034609448627608716,0.017304724313804518,2.9107373172607214,2.9107373172607214,-4.587571437026746,-0.016995966561013383,-0.016995966561013383,0.024901569742104945,2.919235300541228,2.919235300541228,-4.600022221897799
186,0.15151765629514286,0.0344753591333847,0.017237679566692227,2.919235300541228,2.919235300541228,-4.600022221897799,-0.01692872190592362,-0.01692872190592362,0.0248069977353096,2.9276996614941897,2.9276996614941897,-4.6124257207654535
187,0.15092452830397463,0.034342347762879276,0.01717117388143947,2.9276996614941897,2.9276996614941897,-4.6124257207654535,-0.016862034237417375,-0.016862034237417375,0.02471316354938937,2.9361306786128982,2.9361306786128982,-4.624782302540148
188,0.15033596350754797,0.03421040064089572,0.017105200320447652,2.9361306786128982,2.9361306786128982,-4.624782302540148,-0.016795896139944,-0.016795896139944,0.024620058036548712,2.94452862668287,2.94452862668287,-4.6370923315584225
189,0.1497519080284706,0.0340795041428922,0.01703975207144601,2.94452862668287,2.94452862668287,-4.6370923315584225,-0.01673030033642249,-0.01673030033642249,0.024527672207765857,2.9528937768510812,2.9528937768510812,-4.649356167662305
190,0.14917230887021773,0.03394964488918414,0.01697482244459225,2.9528937768510812,2.9528937768510812,-4.649356167662305,-0.016665239684940034,-0.016665239684940034,0.024435997229266218,2.9612263966935513,2.9612263966935513,-4.661574166276939
191,0.14859711389846927,0.03382080973930767,0.01691040486965382,2.9612263966935513,2.9612263966935513,-4.661574166276939,-0.01660070717554485,-0.01660070717554485,0.024345024419089745,2.969526750281324,2.969526750281324,-4.673746678486483
192,0.14802627182293288,0.0336929857865391,0.016846492893269466,2.969526750281324,2.969526750281324,-4.673746678486483,-0.01653669592712994,-0.01653669592712994,0.02425474524375001,2.9777950982448886,2.9777950982448886,-4.6858740511083585
193,0.1474597321796396,0.033566160352565357,0.016783080176282678,2.9777950982448886,2.9777950982448886,-4.6858740511083585,-0.016473199184405915,-0.016473199184405915,0.024165151314980565,2.9860316978370918,2.9860316978370918,-4.697956626765849
194,0.1468974453136963,0.03344032098230062,0.01672016049115004,2.9860316978370918,2.9860316978370918,-4.697956626765849,-0.01641021031495804,-0.01641021031495804,0.024076234386568515,2.9942368029945707,2.9942368029945707,-4.7099947439591325
195,0.14633936236248177,0.03331545543884452,0.016657727719422387,2.9942368029945707,2.9942368029945707,-4.7099947439591325,-0.016347722806387348,-0.016347722806387348,0.02398798635126927,3.0024106643977646,3.0024106643977646,-4.721988737134767
196,0.14578543523927204,0.03319155169857747,0.016595775849288567,3.0024106643977646,3.0024106643977646,-4.721988737134767,-0.016285730263530356,-0.016285730263530356,0.023900399237803627,3.01055352952953,3.01055352952953,-4.733938936753669
197,0.1452356166172833,0.033068597946388785,0.01653429897319444,3.01055352952953,3.01055352952953,-4.733938936753669,-0.01622422640575718,-0.01622422640575718,0.023813465207931657,3.0186656427324086,3.0186656427324086,-4.745845669357634
198,0.14468985991411848,0.03294658257103342,0.016473291285516584,3.0186656427324086,3.0186656427324086,-4.745845669357634,-0.01616320506434378,-0.01616320506434378,0.023727176553603384,3.0267472452645805,3.0267472452645805,-4.757709257634436
199,0.14414811927660615,0.03282549416061342,0.01641274708030681,3.0267472452645805,3.0267472452645805,-4.757709257634436,-0.016102660179917405,-0.016102660179917405,0.023641525694182063,3.034798575354539,3.034798575354539,-4.769530020481527
200,0.14361034956601984,0.032705321498180076,0.016352660749090378,3.034798575354539,3.034798575354539,-4.769530020481527,-0.016042585799971455,-0.016042585799971455,0.02355650517373976,3.042819868254525,3.042819868254525,-4.781308273068397
201,0.14307650634366667,0.03258605355745319,0.016293026778726443,3.042819868254525,3.042819868254525,-4.781308273068397,-0.015982976076449072,-0.015982976076449072,0.02347210765842133,3.0508113562927495,3.0508113562927495,-4.793044326897608
202,0.14254654585683368,0.03246767949865375,0.016233839749326767,3.0508113562927495,3.0508113562927495,-4.793044326897608,-0.015923825263391936,-0.015923825263391936,0.02338832593387612,3.0587732689244453,3.0587732689244453,-4.804738489864546
203,0.1420204250250825,0.03235018866444652,0.016175094332222945,3.0587732689244453,3.0587732689244453,-4.804738489864546,-0.015865127714653274,-0.015865127714653274,0.023305152902754474,3.066705832781772,3.066705832781772,-4.816391066315923
204,0.14149810142688096,0.032233570575989405,0.016116785287994675,3.066705832781772,3.066705832781772,-4.816391066315923,-0.015806877881672253,-0.015806877881672253,0.023222581582267955,3.074609271722608,3.074609271722608,-4.8280023571070565
205,0.1409795332865624,0.03211781492908594,0.01605890746454277,3.074609271722608,3.074609271722608,-4.8280023571070565,-0.015749070311308247,-0.015749070311308247,0.023140605101810846,3.0824838068782623,3.0824838068782623,-4.839572659657962
206,0.1404646794616033,0.03200291159043825,0.016001455795219312,3.0824838068782623,3.0824838068782623,-4.839572659657962,-0.01569169964373346,-0.01569169964373346,0.023059216700640924,3.090329656700129,3.090329656700129,-4.851102268008282
207,0.13995349943020968,0.03188885059399704,0.015944425296998622,3.090329656700129,3.090329656700129,-4.851102268008282,-0.015634760610381132,-0.015634760610381132,0.022978409725618848,3.0981470370053197,3.0981470370053197,-4.862591472871092
208,0.13944595327920348,0.031775622137406014,0.015887811068702705,3.0981470370053197,3.0981470370053197,-4.862591472871092,-0.01557824803194844,-0.01557824803194844,0.022898177629003497,3.105936161021294,3.105936161021294,-4.874040561685593
209,0.13894200169220028,0.0316632165785376,0.015831608289268634,3.105936161021294,3.105936161021294,-4.874040561685593,-0.015522156816452262,-0.015522156816452262,0.022818513966301742,3.11369723942952,3.11369723942952,-4.885449818668744
210,0.1384416059380705,0.03155162443211761,0.015775812216059018,3.11369723942952,3.11369723942952,-4.885449818668744,-0.015466481957336103,-0.015466481957336103,0.02273941239417137,3.121430480408188,3.121430480408188,-4.89681952486583
211,0.1379447278596751,0.03144083636643582,0.015720418183217896,3.121430480408188,3.121430480408188,-4.89681952486583,-0.015411218531626317,-0.015411218531626317,0.022660866668375867,3.129136089674001,3.129136089674001,-4.908149958200018
212,0.13745132986286893,0.0313308432001402,0.015665421600070475,3.129136089674001,3.129136089674001,-4.908149958200018,-0.015356361698136665,-0.015356361698136665,0.022582870641788964,3.1368142705230695,3.1368142705230695,-4.919441393520913
213,0.1369613749057637,0.03122163589911224,0.015610817949555949,3.1368142705230695,3.1368142705230695,-4.919441393520913,-0.01530190669571932,-0.01530190669571932,0.022505418262448153,3.144465223870929,3.144465223870929,-4.9306941026521365
214,0.13647482648824372,0.031113205573420923,0.015556602786710354,3.144465223870929,3.144465223870929,-4.9306941026521365,-0.01524784884156146,-0.01524784884156146,0.022428503571654896,3.1520891482917097,3.1520891482917097,-4.941908354437964
215,0.13599164864172628,0.031005543474353137,0.015502771737176568,3.1520891482917097,3.1520891482917097,-4.941908354437964,-0.015194183529525361,-0.015194183529525361,0.02235212070212137,3.1596862400564723,3.1596862400564723,-4.953084414789025
216,0.13551180591916173,0.030898640991518327,0.015449320495759028,3.1596862400564723,3.1596862400564723,-4.953084414789025,-0.0151409062285311,-0.0151409062285311,0.022276263876161842,3.1672566931707378,3.1672566931707378,-4.964222546727106
217,0.1350352633852646,0.030792489650025078,0.0153962448250125,3.1672566931707378,3.1672566931707378,-4.964222546727106,-0.015088012480980677,-0.015088012480980677,0.022200927403927168,3.174800699411228,3.174800699411228,-4.9753230104290695
218,0.13456198660697055,0.030687081107727648,0.015343540553863807,3.174800699411228,3.174800699411228,-4.9753230104290695,-0.015035497901222161,-0.015035497901222161,0.022126105681681607,3.1823184483618387,3.1823184483618387,-4.986386063269911
219,0.1340919416441138,0.030582407152540587,0.015291203576270493,3.1823184483618387,3.1823184483618387,-4.986386063269911,-0.014983358174052858,-0.014983358174052858,0.022051793190120673,3.1898101274488653,3.1898101274488653,-4.997411959864971
220,0.13362509504031592,0.030478459699819098,0.015239229849909202,3.1898101274488653,3.1898101274488653,-4.997411959864971,-0.01493158905325969,-0.01493158905325969,0.021977984492729252,3.197275921975495,3.197275921975495,-5.0084009521113355
221,0.13316141381408436,0.030375230789803705,0.015187615394901724,3.197275921975495,3.197275921975495,-5.0084009521113355,-0.014880186360197126,-0.014880186360197126,0.02190467423417764,3.2047160151555936,3.2047160151555936,-5.019353289228424
222,0.13270086545011156,0.030272712585127058,0.01513635629256398,3.2047160151555936,3.2047160151555936,-5.019353289228424,-0.01482914598239976,-0.01482914598239976,0.021831857138756298,3.2121305881467936,3.2121305881467936,-5.030269217797803
223,0.13224341789077115,0.030170897368381286,0.015085448684190738,3.2121305881467936,3.2121305881467936,-5.030269217797803,-0.01477846387223003,-0.01477846387223003,0.021759528008846618,3.2195198200829087,3.2195198200829087,-5.041148981802226
224,0.13178903952780566,0.030069777539744196,0.015034888769871892,3.2195198200829087,3.2195198200829087,-5.041148981802226,-0.014728136045559094,-0.014728136045559094,0.021687681723427943,3.226883888105688,3.226883888105688,-5.05199282266394
225,0.13133769919419996,0.029969345614662538,0.014984672807331522,3.226883888105688,3.226883888105688,-5.05199282266394,-0.014678158580480771,-0.014678158580480771,0.021616313236618546,3.2342229673959286,3.2342229673959286,-5.062800979282249
226,0.13088936615623603,0.029869594221590814,0.014934797110795282,3.2342229673959286,3.2342229673959286,-5.062800979282249,-0.014628527616056333,-0.014628527616056333,0.02154541757625147,3.241537231203957,3.241537231203957,-5.073573688070375
227,0.13044401010572432,0.029770516099784136,0.014885258049891954,3.241537231203957,3.241537231203957,-5.073573688070375,-0.014579239351090914,-0.014579239351090914,0.021474989842482133,3.2488268508795026,3.2488268508795026,-5.084311182991615
228,0.13000160115240658,0.029672104097143475,0.014836052048571514,3.2488268508795026,3.2488268508795026,-5.084311182991615,-0.014530290042939098,-0.014530290042939098,0.02140502520642871,3.256091995900972,3.256091995900972,-5.0950136955948295
229,0.12956210981652644,0.02957435116811209,0.014787175584056057,3.256091995900972,3.256091995900972,-5.0950136955948295,-0.014481676006340052,-0.014481676006340052,0.021335518908843124,3.263332833904142,3.263332833904142,-5.105681455049251
230,0.12912550702156197,0.029477250371621324,0.014738625185810813,3.263332833904142,3.263332833904142,-5.105681455049251,-0.01443339361228,-0.01443339361228,0.021266466258813177,3.270549530710282,3.270549530710282,-5.116314688178658
231,0.128691764087118,0.029380794869085004,0.014690397434542271,3.270549530710282,3.270549530710282,-5.116314688178658,-0.014385439286883225,-0.014385439286883225,0.021197862632493042,3.2777422503537235,3.2777422503537235,-5.126913619494904
232,0.1282608527219717,0.029284977922440353,0.014642488961220262,3.2777422503537235,3.2777422503537235,-5.126913619494904,-0.014337809510328613,-0.014337809510328613,0.021129703471863482,3.2849111551088876,3.2849111551088876,-5.137478471230836
233,0.12783274501726988,0.029189792892234976,0.01459489644611723,3.2849111551088876,3.2849111551088876,-5.137478471230836,-0.01429050081579318,-0.01429050081579318,0.021061984283518978,3.2920564055167842,3.2920564055167842,-5.1480094633725955
234,0.12740741343987189,0.02909523323575793,0.014547616617878928,3.2920564055167842,3.2920564055167842,-5.1480094633725955,-0.014243509788419456,-0.014243509788419456,0.020994700637483526,3.2991781604109938,3.2991781604109938,-5.1585068136913375
235,0.126984830825836,0.02900129250521415,0.014500646252606997,3.2991781604109938,3.2991781604109938,-5.1585068136913375,-0.01419683306430853,-0.01419683306430853,0.02092784816605144,3.306276576943148,3.306276576943148,-5.168970737774363
236,0.126564970374045,0.028907964345940892,0.014453982172970345,3.306276576943148,3.306276576943148,-5.168970737774363,-0.01415046732953603,-0.01415046732953603,0.020861422562655135,3.313351810607916,3.313351810607916,-5.179401449055691
237,0.12614780563996697,0.028815242494665057,0.014407621247332449,3.313351810607916,3.313351810607916,-5.179401449055691,-0.014104409319191831,-0.014104409319191831,0.02079541958075721,3.3204040152675116,3.3204040152675116,-5.1897991588460695
238,0.125733310529549,0.028723120777800353,0.014361560388900014,3.3204040152675116,3.3204040152675116,-5.1897991588460695,-0.014058655816441785,-0.014058655816441785,0.020729835032767662,3.3274333431757324,3.3274333431757324,-5.200164076362453
239,0.12532145929323907,0.02863159310978313,0.014315796554891532,3.3274333431757324,3.3274333431757324,-5.200164076362453,-0.014013203651611593,-0.014013203651611593,0.0206646647889846,3.334439945001538,3.334439945001538,-5.210496408756946
240,0.12491222652013459,0.0285406534914461,0.014270326745723181,3.334439945001538,3.334439945001538,-5.210496408756946,-0.013968049701292062,-0.013968049701292062,0.020599904776558167,3.341423969852184,3.341423969852184,-5.220796361145225
241,0.12450558713225213,0.02845029600842851,0.014225148004214122,3.341423969852184,3.341423969852184,-5.220796361145225,-0.013923190887464493,-0.013923190887464493,0.020535550978477656,3.3483855652959162,3.3483855652959162,-5.231064136634464
242,0.12410151637891792,0.02836051482962232,0.014180257414811558,3.3483855652959162,3.3483855652959162,-5.231064136634464,-0.013878624176647085,-0.013878624176647085,0.020471599432579802,3.35532487738424,3.35532487738424,-5.241299936350754
243,0.12369998983127425,0.02827130420565304,0.01413565210282698,3.35532487738424,3.35532487738424,-5.241299936350754,-0.013834346579060276,-0.013834346579060276,0.020408046230579294,3.3622420506737702,3.3622420506737702,-5.251503959466044
244,0.12330098337689929,0.028182658467394477,0.014091329233697297,3.3622420506737702,3.3622420506737702,-5.251503959466044,-0.013790355147811274,-0.013790355147811274,0.020344887517120158,3.3691372282476757,3.3691372282476757,-5.261676403224604
245,0.12290447321453818,0.02809457202451647,0.0140472860122581,3.3691372282476757,3.3691372282476757,-5.261676403224604,-0.013746646978097347,-0.013746646978097347,0.020282119488847252,3.3760105517367243,3.3760105517367243,-5.271817462969028
246,0.12251043584894214,0.0280070393640649,0.01400351968203244,3.3760105517367243,3.3760105517367243,-5.271817462969028,-0.013703219206427149,-0.013703219206427149,0.020219738393497902,3.3828621613399377,3.3828621613399377,-5.281927332165777
247,0.12211884808581273,0.027920055049072814,0.013960027524536765,3.3828621613399377,3.3828621613399377,-5.281927332165777,-0.013660069009859457,-0.013660069009859457,0.02015774052901294,3.3896921958448676,3.3896921958448676,-5.292006202430284
248,0.12172968702684953,0.027833613717202214,0.013916806858600838,3.3896921958448676,3.3896921958448676,-5.292006202430284,-0.013617193605259155,-0.013617193605259155,0.020096122242666756,3.396500792647497,3.396500792647497,-5.302054263551617
249,0.12134293006489784,0.027747710079415483,0.013873855039707592,3.396500792647497,3.396500792647497,-5.302054263551617,-0.013574590248570016,-0.013574590248570016,0.020034879930215483,3.403288087771782,3.403288087771782,-5.312071703516724
250,0.12095855487919445,0.027662338918675804,0.01383116945933815,3.403288087771782,3.403288087771782,-5.312071703516724,-0.013532256234103514,-0.013532256234103514,0.019974010035063543,3.410054215888834,3.410054215888834,-5.322058708534256
251,0.120576539430709,0.02757749508867574,0.013788747544337636,3.410054215888834,3.410054215888834,-5.322058708534256,-0.013490188893843555,-0.013490188893843555,0.01991350904744753,3.416799310335756,3.416799310335756,-5.33201546305798
252,0.12019686195757912,0.027493173512593432,0.013746586756296905,3.416799310335756,3.416799310335756,-5.33201546305798,-0.013448385596766511,-0.013448385596766511,0.019853373503637493,3.423523503134139,3.423523503134139,-5.341942149809799
253,0.11981950097063579,0.02740936918187542,0.013704684590938078,3.423523503134139,3.423523503134139,-5.341942149809799,-0.013406843748176564,-0.013406843748176564,0.01979359998515429,3.4302269250082276,3.4302269250082276,-5.351838949802376
254,0.1194444352490187,0.02732607715504574,0.01366303857752305,3.4302269250082276,3.4302269250082276,-5.351838949802376,-0.013365560789055098,-0.013365560789055098,0.019734185118004205,3.4369097054027553,3.4369097054027553,-5.361706042361378
255,0.1190716438358776,0.02724329255654044,0.01362164627827034,3.4369097054027553,3.4369097054027553,-5.361706042361378,-0.013324534195425015,-0.013324534195425015,0.019675125571928395,3.4435719725004676,3.4435719725004676,-5.371543605147343
256,0.11870110603415882,0.027161010575566847,0.013580505287783137,3.4435719725004676,3.4435719725004676,-5.371543605147343,-0.013283761477728494,-0.013283761477728494,0.019616418059668465,3.450213853239332,3.450213853239332,-5.381351814177177
257,0.11833280140247468,0.027079226464987137,0.013539613232493723,3.450213853239332,3.450213853239332,-5.381351814177177,-0.013243240180218094,-0.013243240180218094,0.019558059336247394,3.456835473329441,3.456835473329441,-5.391130843845301
258,0.11796670975105358,0.026997935540225476,0.013498967770112339,3.456835473329441,3.456835473329441,-5.391130843845301,-0.013202967880361738,-0.013202967880361738,0.019500046198264315,3.4634369572696215,3.4634369572696215,-5.400880866944433
259,0.11760281113776894,0.02691713317819812,0.013458566589099025,3.4634369572696215,3.4634369572696215,-5.400880866944433,-0.013162942188259669,-0.013162942188259669,0.01944237548320476,3.470018428363751,3.470018428363751,-5.410602054686035
260,0.11724108586424567,0.026836814816266024,0.013418407408133019,3.470018428363751,3.470018428363751,-5.410602054686035,-0.013123160746074697,-0.013123160746074697,0.01938504406876404,3.4765800087367884,3.4765800087367884,-5.420294576720417
261,0.11688151447204187,0.026756975951209364,0.013378487975604293,3.4765800087367884,3.4765800087367884,-5.420294576720417,-0.01308362122747405,-0.01308362122747405,0.019328048872185134,3.4831218193505253,3.4831218193505253,-5.4299586011565095
262,0.11652407773890369,0.026677612138223276,0.013338806069111624,3.4831218193505253,3.4831218193505253,-5.4299586011565095,-0.013044321337083407,-0.013044321337083407,0.019271386849609422,3.489643980019067,3.489643980019067,-5.4395942945813145
263,0.11616875667509294,0.0265987189899346,0.013299359494967205,3.489643980019067,3.489643980019067,-5.4395942945813145,-0.013005258809952718,-0.013005258809952718,0.019215054995440475,3.496146609424043,3.496146609424043,-5.449201822079035
264,0.11581553251978413,0.02652029217543881,0.01326014608771969,3.496146609424043,3.496146609424043,-5.449201822079035,-0.012966431411032577,-0.012966431411032577,0.019159050341721443,3.5026298251295596,3.5026298251295596,-5.458781347249896
265,0.11546438673753104,0.026442327419356863,0.013221163709678286,3.5026298251295596,3.5026298251295596,-5.458781347249896,-0.012927836934662793,-0.012927836934662793,0.019103369957523434,3.5090937435968907,3.5090937435968907,-5.468333032228657
266,0.11511530101479961,0.026364820500911317,0.013182410250455929,3.5090937435968907,3.5090937435968907,-5.468333032228657,-0.012889473204070561,-0.012889473204070561,0.019048010948347537,3.5155384801989262,3.5155384801989262,-5.477857037702831
267,0.11476825725656697,0.02628776725302139,0.013143883626510595,3.5155384801989262,3.5155384801989262,-5.477857037702831,-0.012851338070879716,-0.012851338070879716,0.01899297045553799,3.5219641492343663,3.5219641492343663,-5.4873535229306
268,0.11442323758298442,0.02621116356141641,0.013105581780708612,3.5219641492343663,3.5219641492343663,-5.4873535229306,-0.012813429414630206,-0.012813429414630206,0.018938245655706922,3.5283708639416815,3.5283708639416815,-5.496822645758454
269,0.11408022432610307,0.02613500536376727,0.01306750268188371,3.5283708639416815,3.5283708639416815,-5.496822645758454,-0.012775745142307574,-0.012775745142307574,0.01888383376017044,3.5347587365128352,3.5347587365128352,-5.506264562638539
270,0.1137392000266608,0.026059288648835426,0.013029644324417581,3.5347587365128352,3.5347587365128352,-5.506264562638539,-0.012738283187881727,-0.012738283187881727,0.018829732014396337,3.541127878106776,3.541127878106776,-5.515679428645737
271,0.1134001474309292,0.025984009455639032,0.01299200472781987,3.541127878106776,3.541127878106776,-5.515679428645737,-0.012701041511855735,-0.012701041511855735,0.018775937697461966,3.547478398862704,3.547478398862704,-5.525067397494468
272,0.11306304948761883,0.02590916387263577,0.012954581936317875,3.547478398862704,3.547478398862704,-5.525067397494468,-0.012664018100823661,-0.012664018100823661,0.01872244812152289,3.553810407913116,3.553810407913116,-5.53442862155523
273,0.11272788934484214,0.02583474803692212,0.012917374018461115,3.553810407913116,3.553810407913116,-5.53442862155523,-0.012627210967037453,-0.012627210967037453,0.018669260631292,3.560124013396635,3.560124013396635,-5.5437632518708755
274,0.11239465034713216,0.02576075813344842,0.012880379066724209,3.560124013396635,3.560124013396635,-5.5437632518708755,-0.012590618147982693,-0.012590618147982693,0.018616372603528504,3.5664193224706264,3.5664193224706264,-5.55307143817264
275,0.11206331603251615,0.025687190394249673,0.01284359519712466,3.5664193224706264,3.5664193224706264,-5.55307143817264,-0.012554237705962982,-0.012554237705962982,0.018563781446536892,3.572696441323608,3.572696441323608,-5.562353328895908
276,0.11173387012964257,0.025614041097691404,0.012807020548845999,3.572696441323608,3.572696441323608,-5.562353328895908,-0.01251806772769257,-0.01251806772769257,0.018511484599675623,3.5789554751874544,3.5789554751874544,-5.571609071195746
277,0.1114062965549608,0.025541306567730477,0.01277065328386553,3.5789554751874544,3.5789554751874544,-5.571609071195746,-0.012482106323897436,-0.012482106323897436,0.018459479532875005,3.585196528349403,3.585196528349403,-5.580838810962184
278,0.11108057940995189,0.025468983173190404,0.01273449158659519,3.585196528349403,3.585196528349403,-5.580838810962184,-0.012446351628924147,-0.012446351628924147,0.01840776374616456,3.591419704163865,3.591419704163865,-5.590042692835266
279,0.11075670297840977,0.0253970673270508,0.012698533663525255,3.591419704163865,3.591419704163865,-5.590042692835266,-0.012410801800356763,-0.012410801800356763,0.018356334769209073,3.5976251050640435,3.5976251050640435,-5.59922086021987
280,0.11043465172377115,0.02532555548575067,0.012662777742875365,3.5976251050640435,3.5976251050640435,-5.59922086021987,-0.0123754550186412,-0.0123754550186412,0.018305190160853628,3.603812832573364,3.603812832573364,-5.608373455300297
281,0.11011441028649391,0.02525444414850533,0.012627222074252506,3.603812832573364,3.603812832573364,-5.608373455300297,-0.012340309486717282,-0.012340309486717282,0.018254327508677115,3.6099829873167226,3.6099829873167226,-5.617500619054636
282,0.10979596348148205,0.02518372985663637,0.01259186492831799,3.6099829873167226,3.6099829873167226,-5.617500619054636,-0.012305363429657656,-0.012305363429657656,0.018203744428554422,3.6161356690315514,3.6161356690315514,-5.626602491268913
283,0.10947929629555683,0.025113409192914705,0.012556704596457318,3.6161356690315514,3.6161356690315514,-5.626602491268913,-0.012270615094314246,-0.012270615094314246,0.018153438564226545,3.6222709765787084,3.6222709765787084,-5.635679210551026
284,0.1091643938849734,0.02504347878091614,0.012521739390457993,3.6222709765787084,3.6222709765787084,-5.635679210551026,-0.01223606274897163,-0.01223606274897163,0.018103407586878624,3.6283890079531944,3.6283890079531944,-5.644730914344465
285,0.10885124157298051,0.02497393528438931,0.012486967642194886,3.6283890079531944,3.6283890079531944,-5.644730914344465,-0.012201704683006753,-0.012201704683006753,0.018053649194726462,3.634489860294698,3.634489860294698,-5.653757738941828
286,0.10853982484742405,0.024904775406635663,0.012452387703318012,3.634489860294698,3.634489860294698,-5.653757738941828,-0.012167539206555895,-0.012167539206555895,0.018004161112609905,3.640573629897976,3.640573629897976,-5.662759819498134
287,0.10823012935839293,0.02483599588990126,0.012417997944950224,3.640573629897976,3.640573629897976,-5.662759819498134,-0.012133564650187736,-0.012133564650187736,0.0179549410915943,3.6466404122230696,3.6466404122230696,-5.6717372900439305
288,0.1079221409159058,0.024767593514780046,0.012383796757389832,3.6466404122230696,3.6466404122230696,-5.6717372900439305,-0.01209977936458254,-0.01209977936458254,0.017905986908579478,3.652690301905361,3.652690301905361,-5.68069028349822
289,0.10761584548763856,0.024699565099628406,0.012349782549813957,3.652690301905361,3.652690301905361,-5.68069028349822,-0.012066181720218352,-0.012066181720218352,0.01785729636591493,3.65872339276547,3.65872339276547,-5.689618931681177
290,0.10731122919669145,0.02463190749999074,0.012315953749995407,3.65872339276547,3.65872339276547,-5.689618931681177,-0.01203277010706236,-0.01203277010706236,0.017808867291023114,3.664739777819001,3.664739777819001,-5.698523365326689
291,0.10700827831939477,0.024564617608035764,0.012282308804018111,3.664739777819001,3.664739777819001,-5.698523365326689,-0.01199954293426847,-0.01199954293426847,0.017760697536029265,3.6707395492861354,3.6707395492861354,-5.707403714094704
292,0.10670697928315323,0.024497692352003452,0.01224884617600176,3.6707395492861354,3.6707395492861354,-5.707403714094704,-0.011966498629880903,-0.011966498629880903,0.017712784977397693,3.6767227986010758,3.6767227986010758,-5.716260106583403
293,0.10640731866432647,0.024431128695662087,0.012215564347830632,3.6767227986010758,3.6767227986010758,-5.716260106583403,-0.011933635640543096,-0.011933635640543096,0.017665127515574933,3.682689616421347,3.682689616421347,-5.72509267034119
294,0.10610928318614701,0.024364923637775517,0.01218246181888774,3.682689616421347,3.682689616421347,-5.72509267034119,-0.011900952431212138,-0.011900952431212138,0.017617723074639463,3.688640092636953,3.688640092636953,-5.73390153187851
295,0.10581285971667348,0.024299074211580247,0.012149537105790363,3.688640092636953,3.688640092636953,-5.73390153187851,-0.01186844748487911,-0.01186844748487911,0.017570569601957065,3.6945743163793927,3.6945743163793927,-5.742686816679488
296,0.10551803526677891,0.024233577484272132,0.012116788742136066,3.6945743163793927,3.6945743163793927,-5.742686816679488,-0.011836119302293908,-0.011836119302293908,0.017523665067843325,3.7004923760305397,3.7004923760305397,-5.75144864921341
297,0.10522479698817311,0.02416843055650246,0.01208421527825136,3.7004923760305397,3.7004923760305397,-5.75144864921341,-0.011803966401695652,-0.011803966401695652,0.01747700746523163,3.7063943592313877,3.7063943592313877,-5.760187152946026
298,0.10493313217145904,0.02410363056188333,0.012051815280941234,3.7063943592313877,3.7063943592313877,-5.760187152946026,-0.011771987318548456,-0.011771987318548456,0.01743059480934672,3.712280352890662,3.712280352890662,-5.768902450350699
299,0.10464302824422148,0.02403917466650196,0.012019587333250962,3.712280352890662,3.712280352890662,-5.768902450350699,-0.01174018060528123,-0.01174018060528123,0.017384425137385088,3.7181504431933026,3.7181504431933026,-5.777594662919391
300,0.1043544727691486,0.023975060068443903,0.0119875300342221,3.7181504431933026,3.7181504431933026,-5.777594662919391,-0.011708544831033323,-0.011708544831033323,0.01733849650819987,3.724004715608819,3.724004715608819,-5.786263911173491
301,0.10406745344218468,0.023911283997324846,0.011955641998662317,3.724004715608819,3.724004715608819,-5.786263911173491,-0.0116770785814042,-0.0116770785814042,0.01729280700199207,3.7298432548995213,3.7298432548995213,-5.794910314674487
302,0.10378195809071375,0.023847843713830842,0.011923921856915596,3.7298432548995213,3.7298432548995213,-5.794910314674487,-0.011645780458207727,-0.011645780458207727,0.017247354720007217,3.7356661451286253,3.7356661451286253,-5.803533992034491
303,0.1034979746717739,0.023784736509266834,0.011892368254633596,3.7356661451286253,3.7356661451286253,-5.803533992034491,-0.011614649079231612,-0.011614649079231612,0.01720213778423656,3.7414734696682412,3.7414734696682412,-5.812135060926609
304,0.10321549127030107,0.023721959705113274,0.01186097985255688,3.7414734696682412,3.7414734696682412,-5.812135060926609,-0.011583683078000426,-0.011583683078000426,0.01715715433712453,3.7472653112072414,3.7472653112072414,-5.820713638095172
305,0.10293449609740206,0.02365951065259071,0.01182975532629576,3.7472653112072414,3.7472653112072414,-5.820713638095172,-0.01155288110354373,-0.01155288110354373,0.017112402541280332,3.7530417517590133,3.7530417517590133,-5.8292698393658124
306,0.10265497748865596,0.02359738673223192,0.011798693366116275,3.7530417517590133,3.7530417517590133,-5.8292698393658124,-0.011522241820167433,-0.011522241820167433,0.01706788057919566,3.758802872669097,3.758802872669097,-5.8378037796554105
307,0.10237692390244402,0.023535585353461952,0.011767792676730953,3.758802872669097,3.758802872669097,-5.8378037796554105,-0.011491763907230595,-0.011491763907230595,0.017023586652965855,3.7645487546227123,3.7645487546227123,-5.846315572981894
308,0.10210032391830642,0.0234741039541853,0.011737051977093025,3.7645487546227123,3.7645487546227123,-5.846315572981894,-0.011461446058925101,-0.011461446058925101,0.01697951898401714,3.770279477652175,3.770279477652175,-5.8548053324739024
309,0.10182516623532623,0.02341294000038051,0.0117064700001904,3.770279477652175,3.770279477652175,-5.8548053324739024,-0.01143128698405975,-0.01143128698405975,0.016935675812838117,3.775995121144205,3.775995121144205,-5.863273170380322
310,0.10155143967053984,0.02335209098570187,0.011676045492850897,3.775995121144205,3.775995121144205,-5.863273170380322,-0.011401285405848522,-0.011401285405848522,0.01689205539871538,3.781695763847129,3.781695763847129,-5.8717191980796795
311,0.10127913315737322,0.023291554431088067,0.011645777215544198,3.781695763847129,3.781695763847129,-5.8717191980796795,-0.011371440061702025,-0.011371440061702025,0.01684865601947451,3.7873814838779802,3.7873814838779802,-5.880143526089417
312,0.10100823574410336,0.023231327884377675,0.011615663942188818,3.7873814838779802,3.7873814838779802,-5.880143526089417,-0.011341749703023176,-0.011341749703023176,0.01680547597122471,3.7930523587294918,3.7930523587294918,-5.888546264075029
313,0.10073873659234503,0.023171408919931344,0.011585704459965715,3.7930523587294918,3.7930523587294918,-5.888546264075029,-0.011312213095006251,-0.011312213095006251,0.016762513568108216,3.7987084652769947,3.7987084652769947,-5.896927520859084
314,0.10047062497556139,0.023111795138260473,0.011555897569129784,3.7987084652769947,3.7987084652769947,-5.896927520859084,-0.011282829016439455,-0.011282829016439455,0.016719767142053872,3.804349879785214,3.804349879785214,-5.90528740443011
315,0.10020389027759902,0.023052484165662402,0.011526242082831019,3.804349879785214,3.804349879785214,-5.90528740443011,-0.011253596259511105,-0.011253596259511105,0.01667723504253481,3.8099766779149697,3.8099766779149697,-5.913626021951377
316,0.09993852199124614,0.022993473653861767,0.01149673682693055,3.8099766779149697,3.8099766779149697,-5.913626021951377,-0.01122451362961929,-0.01122451362961929,0.016634915636330017,3.8155889347297793,3.8155889347297793,-5.921943479769542
317,0.09967450971681419,0.02293476127965812,0.01146738063982936,3.8155889347297793,3.8155889347297793,-5.921943479769542,-0.011195579945184622,-0.011195579945184622,0.016592807307290264,3.821186724702372,3.821186724702372,-5.930239883423187
318,0.09941184316074143,0.02287634474457948,0.011438172372289494,3.821186724702372,3.821186724702372,-5.930239883423187,-0.01116679403746641,-0.01116679403746641,0.016550908456107738,3.826770121721105,3.826770121721105,-5.938515337651241
319,0.09915051213421947,0.022818221774541892,0.011409110887271196,3.826770121721105,3.826770121721105,-5.938515337651241,-0.01113815475038214,-0.01113815475038214,0.016509217500089376,3.832339199096296,3.832339199096296,-5.946769946401286
320,0.09889050655184092,0.022760390119514643,0.011380195059757578,3.832339199096296,3.832339199096296,-5.946769946401286,-0.011109660940329839,-0.011109660940329839,0.01646773287293423,3.837894029566461,3.837894029566461,-5.955003812837753
321,0.09863181643026868,0.02270284755319126,0.01135142377659584,3.837894029566461,3.837894029566461,-5.955003812837753,-0.011081311476013551,-0.011081311476013551,0.016426453024514544,3.843434685304468,3.843434685304468,-5.963217039350011
322,0.09837443188692613,0.022645591872666015,0.011322795936332751,3.843434685304468,3.843434685304468,-5.963217039350011,-0.011053105238272212,-0.011053105238272212,0.016385376420659854,3.848961237923604,3.848961237923604,-5.97140972756034
323,0.09811834313870782,0.022588620898115898,0.011294310449058239,3.848961237923604,3.848961237923604,-5.97140972756034,-0.011025041119910858,-0.011025041119910858,0.016344501542945495,3.8544737584835596,3.8544737584835596,-5.979581978331813
324,0.09786354050071049,0.022531932472487852,0.011265966236243654,3.8544737584835596,3.8544737584835596,-5.979581978331813,-0.010997118025535216,-0.010997118025535216,0.016303826888483863,3.859972317496327,3.859972317496327,-5.987733891776055
325,0.09761001438498351,0.02247552446119136,0.011237762230595543,3.859972317496327,3.859972317496327,-5.987733891776055,-0.010969334871388826,-0.010969334871388826,0.016263350969719533,3.8654569849320213,3.8654569849320213,-5.995865567260915
326,0.09735775529929921,0.02241939475179602,0.01120969737589819,3.8654569849320213,3.8654569849320213,-5.995865567260915,-0.010941690585193082,-0.010941690585193082,0.016223072314227448,3.870927830224618,3.870927830224618,-6.003977103418029
327,0.09710675384594193,0.022363541253734256,0.011181770626866979,3.870927830224618,3.870927830224618,-6.003977103418029,-0.010914184105989929,-0.010914184105989929,0.01618298946451451,3.8763849222776128,3.8763849222776128,-6.012068598150286
328,0.09685700072051592,0.022307961898008887,0.011153980949004529,3.8763849222776128,3.8763849222776128,-6.012068598150286,-0.010886814383987226,-0.010886814383987226,0.016143100977824364,3.8818283294696063,3.8818283294696063,-6.020140148639198
329,0.09660848671077168,0.02225265463690556,0.011126327318452546,3.8818283294696063,3.8818283294696063,-6.020140148639198,-0.010859580380406835,-0.010859580380406835,0.016103405425945173,3.8872581196598097,3.8872581196598097,-6.028191851352171
330,0.09636120269545022,0.0221976174437099,0.011098808721855277,3.8872581196598097,3.8872581196598097,-6.028191851352171,-0.01083248106733492,-0.01083248106733492,0.016063901395020917,3.8926743601934772,3.8926743601934772,-6.0362238020496815
331,0.0961151396431448,0.022142848312429225,0.011071424156214416,3.8926743601934772,3.8926743601934772,-6.0362238020496815,-0.010805515427575168,-0.010805515427575168,0.0160245874853651,3.8980771179072646,3.8980771179072646,-6.044236095792364
332,0.09587028861118085,0.022088345257519022,0.011044172628759666,3.8980771179072646,3.8980771179072646,-6.044236095792364,-0.010778682454504245,-0.010778682454504245,0.015985462311277954,3.903466459134517,3.903466459134517,-6.052228826948003
333,0.09562664074451187,0.022034106313613615,0.01101705315680706,3.903466459134517,3.903466459134517,-6.052228826948003,-0.010751981151929553,-0.010751981151929553,0.01594652450086635,3.9088424497104817,3.9088424497104817,-6.0602020891984365
334,0.09538418727463296,0.021980129535261413,0.010990064767630885,3.9088424497104817,3.9088424497104817,-6.0602020891984365,-0.010725410533949781,-0.010725410533949781,0.015907772695866296,3.9142051549774566,3.9142051549774566,-6.06815597554637
335,0.0951429195185103,0.021926412996664327,0.010963206498332538,3.9142051549774566,3.9142051549774566,-6.06815597554637,-0.010698969624817003,-0.010698969624817003,0.015869205551469062,3.9195546397898653,3.9195546397898653,-6.076090578322105
336,0.09490282887752709,0.021872954791421474,0.010936477395710494,3.9195546397898653,3.9195546397898653,-6.076090578322105,-0.010672657458801929,-0.010672657458801929,0.01583082173614897,3.924890968519266,3.924890968519266,-6.084005989190179
337,0.09466390683644516,0.021819753032276942,0.010909876516138256,3.924890968519266,3.924890968519266,-6.084005989190179,-0.010646473080060698,-0.010646473080060698,0.01579261993149473,3.9302142050592965,3.9302142050592965,-6.091902299155926
338,0.09442614496238234,0.021766805850871675,0.010883402925435595,3.9302142050592965,3.9302142050592965,-6.091902299155926,-0.010620415542504223,-0.010620415542504223,0.015754598832043006,3.9355244128305484,3.9355244128305484,-6.099779598571947
339,0.09418953490380486,0.02171411139749922,0.010857055698749547,3.9355244128305484,3.9355244128305484,-6.099779598571947,-0.010594483909669501,-0.010594483909669501,0.015716757145114685,3.9408216547853834,3.9408216547853834,-6.107637977144504
340,0.0939540683895352,0.021661667840865505,0.010830833920432745,3.9408216547853834,3.9408216547853834,-6.107637977144504,-0.010568677254593005,-0.010568677254593005,0.015679093590653885,3.94610599341268,3.94610599341268,-6.115477523939831
341,0.09371973722777421,0.0216094733678523,0.010804736683925932,3.94610599341268,3.94610599341268,-6.115477523939831,-0.010542994659686236,-0.010542994659686236,0.01564160690106911,3.951377490742523,3.951377490742523,-6.123298327390366
342,0.09348653330513827,0.02155752618328455,0.01077876309164235,3.951377490742523,3.951377490742523,-6.123298327390366,-0.010517435216613278,-0.010517435216613278,0.015604295821077111,3.9566362083508295,3.9566362083508295,-6.131100475300904
343,0.09325444858571028,0.021505824509701284,0.010752912254850673,3.9566362083508295,3.9566362083508295,-6.131100475300904,-0.01049199802617028,-0.01049199802617028,0.015567159107549019,3.9618822073639146,3.9618822073639146,-6.138884054854679
344,0.09302347511010481,0.021454366587130208,0.010727183293565224,3.9618822073639146,3.9618822073639146,-6.138884054854679,-0.010466682198166741,-0.010466682198166741,0.01553019552935918,3.967115548462998,3.967115548462998,-6.146649152619359
345,0.09279360499454697,0.021403150672865755,0.010701575336432784,3.967115548462998,3.967115548462998,-6.146649152619359,-0.010441486851308926,-0.010441486851308926,0.015493403867235871,3.9723362918886522,3.9723362918886522,-6.154395854552977
346,0.0925648304299651,0.021352175041250747,0.01067608752062562,3.9723362918886522,3.9723362918886522,-6.154395854552977,-0.010416411113085163,-0.010416411113085163,0.015456782913614436,3.977544497445195,3.977544497445195,-6.1621242460097845
347,0.09233714368109608,0.021301437983461305,0.010650718991730458,3.977544497445195,3.977544497445195,-6.1621242460097845,-0.010391454119652754,-0.010391454119652754,0.015420331472492789,3.982740224505021,3.982740224505021,-6.169834411746031
348,0.09211053708560435,0.021250937807295197,0.01062546890364755,3.982740224505021,3.982740224505021,-6.169834411746031,-0.010366615015726732,-0.010366615015726732,0.01538404835928913,3.9879235320128843,3.9879235320128843,-6.177526435925675
349,0.09188500305321337,0.021200672836963485,0.01060033641848157,3.9879235320128843,3.9879235320128843,-6.177526435925675,-0.010341892954470511,-0.010341892954470511,0.015347932400701658,3.9930944784901197,3.9930944784901197,-6.185200402126026
350,0.09166053406484995,0.021150641412885335,0.01057532070644243,3.9930944784901197,3.9930944784901197,-6.185200402126026,-0.010317287097388224,-0.010317287097388224,0.01531198243457042,3.998253122038814,3.998253122038814,-6.192856393343311
351,0.09143712267180061,0.021100841891486026,0.010550420945742848,3.998253122038814,3.998253122038814,-6.192856393343311,-0.01029279661421868,-0.01029279661421868,0.01527619730974134,4.003399520345923,4.003399520345923,-6.200494491998182
352,0.09121476149488036,0.021051272644998065,0.01052563632249919,4.003399520345923,4.003399520345923,-6.200494491998182,-0.010268420682830955,-0.010268420682830955,0.015240575885932356,4.008533730687338,4.008533730687338,-6.208114779941148
353,0.09099344322361354,0.021001932061265344,0.010500966030633321,4.008533730687338,4.008533730687338,-6.208114779941148,-0.010244158489121597,-0.010244158489121597,0.015205117033601584,4.013655809931899,4.013655809931899,-6.215717338457949
354,0.0907731606154262,0.0209528185435503,0.010476409271774735,4.013655809931899,4.013655809931899,-6.215717338457949,-0.01022000922691374,-0.01022000922691374,0.01516981963381705,4.018765814545356,4.018765814545356,-6.223302248274858
355,0.09055390649485023,0.02090393051034401,0.010451965255172162,4.018765814545356,4.018765814545356,-6.223302248274858,-0.010195972097857619,-0.010195972097857619,0.01513468257812859,4.023863800594285,4.023863800594285,-6.230869589563922
356,0.09033567375273839,0.020855266395179137,0.010427633197589624,4.023863800594285,4.023863800594285,-6.230869589563922,-0.010172046311332093,-0.010172046311332093,0.01509970476844228,4.028949823749951,4.028949823749951,-6.238419441948143
357,0.09011845534549129,0.020806824646445777,0.010403412323223202,4.028949823749951,4.028949823749951,-6.238419441948143,-0.010148231084348657,-0.010148231084348657,0.015064885116895608,4.034023939292125,4.034023939292125,-6.245951884506591
358,0.0899022442942947,0.02075860372721004,0.010379301863605549,4.034023939292125,4.034023939292125,-6.245951884506591,-0.010124525641456224,-0.010124525641456224,0.01503022254573529,4.039086202112854,4.039086202112854,-6.253466995779459
359,0.08968703368436798,0.020710602115035365,0.010355301057518104,4.039086202112854,4.039086202112854,-6.253466995779459,-0.010100929214647628,-0.010100929214647628,0.014995715987196592,4.044136666720178,4.044136666720178,-6.260964853773058
360,0.089472816664223,0.02066281830180656,0.01033140915090314,4.044136666720178,4.044136666720178,-6.260964853773058,-0.010077441043267514,-0.010077441043267514,0.01496136438338452,4.049175387241811,4.049175387241811,-6.268445535964751
361,0.08925958644493356,0.02061525079355642,0.010307625396777955,4.049175387241811,4.049175387241811,-6.268445535964751,-0.01005406037392165,-0.01005406037392165,0.01492716668615667,4.054202417428772,4.054202417428772,-6.275909119307829
362,0.08904733629941494,0.020567898110294948,0.010283949055147528,4.054202417428772,4.054202417428772,-6.275909119307829,-0.010030786460387409,-0.010030786460387409,0.014893121857008078,4.059217810658965,4.059217810658965,-6.283355680236333
363,0.08883605956171378,0.020520758785841163,0.010260379392920248,4.059217810658965,4.059217810658965,-6.283355680236333,-0.010007618563526176,-0.010007618563526176,0.014859228866957055,4.064221619940728,4.064221619940728,-6.290785294669812
364,0.08862574962630768,0.02047383136765735,0.010236915683828549,4.064221619940728,4.064221619940728,-6.290785294669812,-0.009984555951196374,-0.009984555951196374,0.014825486696433547,4.069213897916326,4.069213897916326,-6.298198038018029
365,0.08841639994741465,0.020427114416685776,0.010213557208343117,4.069213897916326,4.069213897916326,-6.298198038018029,-0.009961597898168334,-0.009961597898168334,0.014791894335168447,4.07419469686541,4.07419469686541,-6.305593985185613
366,0.08820800403831222,0.020380606507187864,0.010190303253593954,4.07419469686541,4.07419469686541,-6.305593985185613,-0.009938743686040107,-0.009938743686040107,0.01475845078208496,4.0791640687084305,4.0791640687084305,-6.312973210576655
367,0.08800055547066585,0.020334306226585674,0.010167153113292792,4.0791640687084305,4.0791640687084305,-6.312973210576655,-0.00991599260315492,-0.00991599260315492,0.014725155045191025,4.084122065010008,4.084122065010008,-6.320335788099251
368,0.08779404787386658,0.02028821217530568,0.010144106087652451,4.084122065010008,4.084122065010008,-6.320335788099251,-0.009893343944519375,-0.009893343944519375,0.014692006141473847,4.089068736982267,4.089068736982267,-6.327681791169987
369,0.08758847493437819,0.020242322966624975,0.010121161483312659,4.089068736982267,4.089068736982267,-6.327681791169987,-0.009870797011723161,-0.009870797011723161,0.014659003096795742,4.094004135488129,4.094004135488129,-6.335011292718385
370,0.08738383039509282,0.020196637226519553,0.010098318613259856,4.094004135488129,4.094004135488129,-6.335011292718385,-0.00984835111285999,-0.00984835111285999,0.014626144945791225,4.098928311044559,4.098928311044559,-6.342324365191281
371,0.08718010805469584,0.020151153593514895,0.010075576796758016,4.098928311044559,4.098928311044559,-6.342324365191281,-0.009826005562449655,-0.009826005562449655,0.014593430731765755,4.103841313825784,4.103841313825784,-6.3496210805571645
372,0.08697730176703931,0.020105870718538737,0.010052935359269686,4.103841313825784,4.103841313825784,-6.3496210805571645,-0.009803759681361109,-0.009803759681361109,0.014560859506596103,4.108743193666465,4.108743193666465,-6.356901510310463
373,0.08677540544052376,0.020060787264775875,0.010030393632387698,4.108743193666465,4.108743193666465,-6.356901510310463,-0.009781612796736908,-0.009781612796736908,0.014528430330631711,4.113634000064833,4.113634000064833,-6.364165725475779
374,0.08657441303748872,0.020015901907525144,0.01000795095376248,4.113634000064833,4.113634000064833,-6.364165725475779,-0.009759564241918518,-0.009759564241918518,0.01449614227259789,4.118513782185792,4.118513782185792,-6.371413796612078
375,0.08637431857361139,0.019971213334058453,0.009985606667029209,4.118513782185792,4.118513782185792,-6.371413796612078,-0.009737613356372993,-0.009737613356372993,0.014463994409499982,4.123382588863978,4.123382588863978,-6.378645793816828
376,0.08617511611731345,0.019926720243481796,0.009963360121741382,4.123382588863978,4.123382588863978,-6.378645793816828,-0.009715759485620416,-0.009715759485620416,0.014431985826529242,4.128240468606789,4.128240468606789,-6.385861786730093
377,0.08597679978917568,0.01988242134659826,0.009941210673299707,4.128240468606789,4.128240468606789,-6.385861786730093,-0.009694001981162683,-0.009694001981162683,0.014400115616969683,4.1330874695973705,4.1330874695973705,-6.393061844538578
378,0.08577936376136089,0.019838315365773025,0.009919157682886544,4.1330874695973705,4.1330874695973705,-6.393061844538578,-0.009672340200413049,-0.009672340200413049,0.014368382882106581,4.137923639697577,4.137923639697577,-6.400246035979631
379,0.08558280225704451,0.019794401034800298,0.009897200517399715,4.137923639697577,4.137923639697577,-6.400246035979631,-0.009650773506627072,-0.009650773506627072,0.014336786731135857,4.142749026450891,4.142749026450891,-6.407414429345199
380,0.08538710954985246,0.01975067709877204,0.009875338549386136,4.142749026450891,4.142749026450891,-6.407414429345199,-0.009629301268834229,-0.009629301268834229,0.014305326281074938,4.147563677085308,4.147563677085308,-6.414567092485736
381,0.08519227996330675,0.019707142313948618,0.009853571156974087,4.147563677085308,4.147563677085308,-6.414567092485736,-0.009607922861770351,-0.009607922861770351,0.014274000656675244,4.152367638516193,4.152367638516193,-6.421704092814074
382,0.0849983078702787,0.019663795447631284,0.009831897723816105,4.152367638516193,4.152367638516193,-6.421704092814074,-0.009586637665811627,-0.009586637665811627,0.014242808990335032,4.157160957349099,4.157160957349099,-6.428825497309242
383,0.08480518769244919,0.01962063527803645,0.009810317639018488,4.157160957349099,4.157160957349099,-6.428825497309242,-0.009565445066909074,-0.009565445066909074,0.014211750422014108,4.161943679882554,4.161943679882554,-6.4359313725202485
384,0.08461291389977607,0.019577660594171695,0.009788830297085663,4.161943679882554,4.161943679882554,-6.4359313725202485,-0.009544344456524138,-0.009544344456524138,0.014180824099149428,4.166715852110816,4.166715852110816,-6.443021784569823
385,0.08442148100996877,0.019534870195713542,0.009767435097856405,4.166715852110816,4.166715852110816,-6.443021784569823,-0.00952333523156514,-0.00952333523156514,0.014150029176571951,4.171477519726598,4.171477519726598,-6.450096799158109
386,0.08423088358796975,0.0194922628928869,0.009746131446443651,4.171477519726598,4.171477519726598,-6.450096799158109,-0.009502416794324592,-0.009502416794324592,0.01411936481642469,4.1762287281237604,4.1762287281237604,-6.457156481566321
387,0.08404111624544268,0.01944983750634621,0.009724918753172452,4.1762287281237604,4.1762287281237604,-6.457156481566321,-0.009481588552417503,-0.009481588552417503,0.014088830188081708,4.180969522399969,4.180969522399969,-6.464200896660362
388,0.08385217364026767,0.019407592867058263,0.009703796433529288,4.180969522399969,4.180969522399969,-6.464200896660362,-0.009460849918720513,-0.009460849918720513,0.01405842446806835,4.185699947359329,4.185699947359329,-6.471230108894396
389,0.08366405047604278,0.01936552781618658,0.009682763908093743,4.185699947359329,4.185699947359329,-6.471230108894396,-0.00944020031131177,-0.00944020031131177,0.014028146839982623,4.190420047514985,4.190420047514985,-6.478244182314388
390,0.0834767415015924,0.019323641204977485,0.00966182060248893,4.190420047514985,4.190420047514985,-6.478244182314388,-0.009419639153412124,-0.009419639153412124,0.013997996494417133,4.1951298670916914,4.1951298670916914,-6.485243180561596
391,0.08329024151048156,0.01928193189464759,0.009640965947323702,4.1951298670916914,4.1951298670916914,-6.485243180561596,-0.009399165873326263,-0.009399165873326263,0.013967972628883045,4.199829450028354,4.199829450028354,-6.492227166876038
392,0.08310454534053699,0.01924039875627298,0.009620199378137049,4.199829450028354,4.199829450028354,-6.492227166876038,-0.009378779904385535,-0.009378779904385535,0.013938074447734124,4.2045188399805475,4.2045188399805475,-6.499196204099905
393,0.0829196478733743,0.01919904067067985,0.00959952033533989,4.2045188399805475,4.2045188399805475,-6.499196204099905,-0.009358480684891118,-0.009358480684891118,0.013908301162092324,4.209198080322993,4.209198080322993,-6.506150354680951
394,0.0827355440339313,0.019157856528336643,0.009578928264168722,4.209198080322993,4.209198080322993,-6.506150354680951,-0.009338267658058185,-0.009338267658058185,0.013878651989774076,4.213867214152023,4.213867214152023,-6.513089680675838
395,0.08255222879000693,0.019116845229247593,0.009558422614623549,4.213867214152023,4.213867214152023,-6.513089680675838,-0.009318140271960523,-0.009318140271960523,0.013849126155217932,4.218526284288003,4.218526284288003,-6.520014243753447
396,0.08236969715180709,0.019076005682847872,0.009538002841423691,4.218526284288003,4.218526284288003,-6.520014243753447,-0.009298097979476484,-0.009298097979476484,0.013819722889412613,4.223175333277741,4.223175333277741,-6.5269241051981535
397,0.08218794417149522,0.019035336807899973,0.00951766840394999,4.223175333277741,4.223175333277741,-6.5269241051981535,-0.009278140238234905,-0.009278140238234905,0.013790441429826827,4.2278144033968585,4.2278144033968585,-6.533819325913067
398,0.08200696494274948,0.018994837532391635,0.009497418766195255,4.2278144033968585,4.2278144033968585,-6.533819325913067,-0.009258266510562552,-0.009258266510562552,0.013761281020339123,4.23244353665214,4.23244353665214,-6.540699966423236
399,0.08182675460032504,0.018954506793435053,0.009477253396717705,4.23244353665214,4.23244353665214,-6.540699966423236,-0.009238476263431872,-0.009238476263431872,0.013732240911169135,4.237062774783856,4.237062774783856,-6.54756608687882
400,0.08164730831962233,0.018914343537167474,0.009457171768583607,4.237062774783856,4.237062774783856,-6.54756608687882,-0.009218768968409268,-0.009218768968409268,0.013703320358810037,4.24167215926806,4.24167215926806,-6.554417747058225
401,0.08146862131626073,0.018874346718653186,0.009437173359326544,4.24167215926806,4.24167215926806,-6.554417747058225,-0.009199144101604734,-0.009199144101604734,0.013674518625961059,4.2462717313188625,4.2462717313188625,-6.561255006371206
402,0.08129068884565742,0.01883451530178669,0.009417257650893553,4.2462717313188625,4.2462717313188625,-6.561255006371206,-0.009179601143621537,-0.009179601143621537,0.013645834981461604,4.250861531890673,4.250861531890673,-6.568077923861937
403,0.08111350620261189,0.01879484825919725,0.009397424129598732,4.250861531890673,4.250861531890673,-6.568077923861937,-0.009160139579506711,-0.009160139579506711,0.013617268700226164,4.255441601680427,4.255441601680427,-6.57488655821205
404,0.08093706872089562,0.018755344572154758,0.009377672286077578,4.255441601680427,4.255441601680427,-6.57488655821205,-0.009140758898702663,-0.009140758898702663,0.013588819063179517,4.260011981129778,4.260011981129778,-6.58168096774364
405,0.08076137177284673,0.01871600323047667,0.009358001615238051,4.260011981129778,4.260011981129778,-6.58168096774364,-0.009121458594998789,-0.009121458594998789,0.013560485357193475,4.264572710427277,4.264572710427277,-6.588461210422237
406,0.08058641076896997,0.01867682323243638,0.00933841161621852,4.264572710427277,4.264572710427277,-6.588461210422237,-0.0091022381664841,-0.0091022381664841,0.013532266875024143,4.269123829510519,4.269123829510519,-6.595227343859749
407,0.08041218115754194,0.018637803584672714,0.009318901792336281,4.269123829510519,4.269123829510519,-6.595227343859749,-0.00908309711550085,-0.00908309711550085,0.01350416291524948,4.273665378068269,4.273665378068269,-6.601979425317374
408,0.08023867842422057,0.01859894330210055,0.009299471651050025,4.273665378068269,4.273665378068269,-6.601979425317374,-0.009064034948597751,-0.009064034948597751,0.013476172782208902,4.278197395542568,4.278197395542568,-6.608717511708479
409,0.08006589809166009,0.018560241407822708,0.009280120703910695,4.278197395542568,4.278197395542568,-6.608717511708479,-0.009045051176484707,-0.009045051176484707,0.013448295785942616,4.28271992113081,4.28271992113081,-6.61544165960145
410,0.07989383571913068,0.018521696933042966,0.009260848466521619,4.28271992113081,4.28271992113081,-6.61544165960145,-0.009026145313987956,-0.009026145313987956,0.01342053124213195,4.287232993787804,4.287232993787804,-6.622151925222515
411,0.07972248690214288,0.018483308916980228,0.009241654458490213,4.287232993787804,4.287232993787804,-6.622151925222515,-0.00900731688000575,-0.00900731688000575,0.013392878472040569,4.291736652227807,4.291736652227807,-6.628848364458536
412,0.07955184727207623,0.018445076406783723,0.009222538203391802,4.291736652227807,4.291736652227807,-6.628848364458536,-0.008988565397464478,-0.008988565397464478,0.013365336802456494,4.296230934926539,4.296230934926539,-6.635531032859764
413,0.07938191249581332,0.018406998457449447,0.009203499228724958,4.296230934926539,4.296230934926539,-6.635531032859764,-0.008969890393275427,-0.008969890393275427,0.013337905565634984,4.300715880123177,4.300715880123177,-6.6421999856425815
414,0.0792126782753775,0.018369074131737557,0.00918453706586884,4.300715880123177,4.300715880123177,-6.6421999856425815,-0.008951291398292371,-0.008951291398292371,0.01331058409924162,4.305191525822323,4.305191525822323,-6.648855277692203
415,0.07904414034757573,0.018331302500090917,0.009165651250045929,4.305191525822323,4.305191525822323,-6.648855277692203,-0.008932767947269458,-0.008932767947269458,0.01328337174629658,4.309657909795958,4.309657909795958,-6.655496963565351
416,0.07887629448364558,0.018293682640554667,0.009146841320277151,4.309657909795958,4.309657909795958,-6.655496963565351,-0.008914319578819583,-0.008914319578819583,0.013256267855119661,4.314115069585368,4.314115069585368,-6.662125097492911
417,0.0787091364889064,0.01825621363869682,0.009128106819348288,4.314115069585368,4.314115069585368,-6.662125097492911,-0.008895945835373707,-0.008895945835373707,0.013229271779275466,4.318563042503055,4.318563042503055,-6.668739733382549
418,0.07854266220241503,0.018218894587529882,0.009109447293765126,4.318563042503055,4.318563042503055,-6.668739733382549,-0.008877646263140165,-0.008877646263140165,0.013202382877519972,4.323001865634625,4.323001865634625,-6.675340924821309
419,0.07837686749662552,0.01818172458743348,0.009090862293717035,4.323001865634625,4.323001865634625,-6.675340924821309,-0.00885942041206491,-0.00885942041206491,0.013175600513747313,4.327431575840658,4.327431575840658,-6.6819287250781825
420,0.07821174827705332,0.018144702746078,0.009072351373039253,4.327431575840658,4.327431575840658,-6.6819287250781825,-0.008841267835792296,-0.008841267835792296,0.013148924056937121,4.331852209758554,4.331852209758554,-6.688503187106651
421,0.07804730048194296,0.018107828178349123,0.009053914089174296,4.331852209758554,4.331852209758554,-6.688503187106651,-0.008823188091625845,-0.008823188091625845,0.01312235288110323,4.336263803804367,4.336263803804367,-6.6950643635472025
422,0.0778835200819405,0.018071100006273415,0.009035550003136621,4.336263803804367,4.336263803804367,-6.6950643635472025,-0.008805180740490248,-0.008805180740490248,0.013095886365242112,4.340666394174612,4.340666394174612,-6.701612306729824
423,0.07772040307976943,0.018034517358944818,0.009017258679472092,4.340666394174612,4.340666394174612,-6.701612306729824,-0.008787245346893322,-0.008787245346893322,0.013069523893282623,4.345060016848058,4.345060016848058,-6.708147068676465
424,0.07755794550991049,0.017998079372452014,0.008999039686226302,4.345060016848058,4.345060016848058,-6.708147068676465,-0.008769381478888554,-0.008769381478888554,0.013043264854036183,4.3494447075875025,4.3494447075875025,-6.714668701103483
425,0.0773961434382859,0.017961785189806827,0.008980892594903632,4.3494447075875025,4.3494447075875025,-6.714668701103483,-0.008751588708038417,-0.008751588708038417,0.013017108641147341,4.353820501941522,4.353820501941522,-6.721177255424057
426,0.07723499296194651,0.0179256339608734,0.008962816980436833,4.353820501941522,4.353820501941522,-6.721177255424057,-0.008733866609377746,-0.008733866609377746,0.012991054653045333,4.358187435246211,4.358187435246211,-6.72767278275058
427,0.0770744902087638,0.017889624842298394,0.008944812421149128,4.358187435246211,4.358187435246211,-6.72767278275058,-0.008716214761378092,-0.008716214761378092,0.012965102292895691,4.3625455426269,4.3625455426269,-6.734155333897028
428,0.07691463133712434,0.01785375699744189,0.008926878498720987,4.3625455426269,4.3625455426269,-6.734155333897028,-0.00869863274591167,-0.00869863274591167,0.012939250968553462,4.3668948589998555,4.3668948589998555,-6.740624959381305
429,0.07675541253562898,0.017818029596309334,0.008909014798155234,4.3668948589998555,4.3668948589998555,-6.740624959381305,-0.008681120148216918,-0.008681120148216918,0.012913500092515578,4.371235419073964,4.371235419073964,-6.747081709427563
430,0.07659683002279499,0.017782441815484173,0.008891220907742763,4.371235419073964,4.371235419073964,-6.747081709427563,-0.008663676556863356,-0.008663676556863356,0.01288784908187525,4.3755672573523965,4.3755672573523965,-6.753525633968501
431,0.07643888004676211,0.017746992838061488,0.008873496419030865,4.3755672573523965,4.3755672573523965,-6.753525633968501,-0.008646301563717887,-0.008646301563717887,0.012862297358275657,4.379890408134256,4.379890408134256,-6.759956782647638
432,0.07628155888500168,0.017711681853582278,0.008855840926790672,4.379890408134256,4.379890408134256,-6.759956782647638,-0.008628994763910661,-0.008628994763910661,0.012836844347865268,4.384204905516211,4.384204905516211,-6.76637520482157
433,0.07612486284402971,0.01767650805796869,0.008838254028983979,4.384204905516211,4.384204905516211,-6.76637520482157,-0.008611755755802072,-0.008611755755802072,0.012811489481252823,4.3885107833941115,4.3885107833941115,-6.772780949562197
434,0.07596878825912287,0.017641470653459973,0.008820735326729617,4.3885107833941115,4.3885107833941115,-6.772780949562197,-0.008594584140949546,-0.008594584140949546,0.012786232193463662,4.392808075464586,4.392808075464586,-6.779174065658928
435,0.07581333149403832,0.01760656884854929,0.008803284424274124,4.392808075464586,4.392808075464586,-6.779174065658928,-0.008577479524075268,-0.008577479524075268,0.012761071923895943,4.397096815226623,4.397096815226623,-6.785554601620876
436,0.07565848894073648,0.01757180185792123,0.008785900928960306,4.397096815226623,4.397096815226623,-6.785554601620876,-0.00856044151303417,-0.00856044151303417,0.012736008116277503,4.40137703598314,4.40137703598314,-6.791922605679015
437,0.07550425701910701,0.017537168902390095,0.008768584451195542,4.40137703598314,4.40137703598314,-6.791922605679015,-0.00854346971878197,-0.00854346971878197,0.012711040218623702,4.405648770842531,4.405648770842531,-6.798278125788327
438,0.07535063217669834,0.01750266920883901,0.008751334604419876,4.405648770842531,4.405648770842531,-6.798278125788327,-0.008526563755344031,-0.008526563755344031,0.012686167683195276,4.409912052720204,4.409912052720204,-6.804621209629925
439,0.07519761088845028,0.017468302010159746,0.008734151005079956,4.409912052720204,4.409912052720204,-6.804621209629925,-0.00850972323978464,-0.00850972323978464,0.012661389966456663,4.414166914340096,4.414166914340096,-6.8109519046131535
440,0.0750451896564294,0.017434066545193198,0.008717033272596266,4.414166914340096,4.414166914340096,-6.8109519046131535,-0.008492947792176183,-0.008492947792176183,0.012636706529035327,4.418413388236184,4.418413388236184,-6.817270257877671
441,0.07489336500956795,0.01739996205867069,0.00869998102933575,4.418413388236184,4.418413388236184,-6.817270257877671,-0.00847623703556918,-0.00847623703556918,0.01261211683568109,4.422651506753969,4.422651506753969,-6.823576316295512
442,0.07474213350340553,0.01736598780115594,0.00868299390057777,4.422651506753969,4.422651506753969,-6.823576316295512,-0.00845959059596246,-0.00845959059596246,0.012587620355226158,4.4268813020519495,4.4268813020519495,-6.829870126473125
443,0.07459149171983387,0.017332143028987716,0.00866607151449406,4.4268813020519495,4.4268813020519495,-6.829870126473125,-0.008443008102273799,-0.008443008102273799,0.012563216560545529,4.431102806103087,4.431102806103087,-6.836151734753398
444,0.07444143626684459,0.017298427004223228,0.008649213502112072,4.431102806103087,4.431102806103087,-6.836151734753398,-0.008426489186310698,-0.008426489186310698,0.012538904928518163,4.435316050696242,4.435316050696242,-6.842421187217657
445,0.07429196377827973,0.017264838994582154,0.008632419497291079,4.435316050696242,4.435316050696242,-6.842421187217657,-0.00841003348274199,-0.00841003348274199,0.012514684939987973,4.439521067437613,4.439521067437613,-6.848678529687652
446,0.07414307091358549,0.017231378273391378,0.008615689136695864,4.439521067437613,4.439521067437613,-6.848678529687652,-0.008393640629069266,-0.008393640629069266,0.012490556079725986,4.443717887752148,4.443717887752148,-6.8549238077275145
447,0.07399475435756835,0.017198044119530343,0.008599022059765253,4.443717887752148,4.443717887752148,-6.8549238077275145,-0.008377310265598945,-0.008377310265598945,0.01246651783639254,4.447906542884947,4.447906542884947,-6.861157066645711
448,0.07384701082015414,0.017164835817377072,0.00858241790868842,4.447906542884947,4.447906542884947,-6.861157066645711,-0.008361042035414549,-0.008361042035414549,0.012442569702500073,4.452087063902654,4.452087063902654,-6.867378351496961
449,0.07369983703615049,0.017131752656754932,0.00856587632837751,4.452087063902654,4.452087063902654,-6.867378351496961,-0.008344835584349713,-0.008344835584349713,0.012418711174375995,4.456259481694829,4.456259481694829,-6.873587707084149
450,0.07355322976501066,0.01709879393287978,0.008549396966439832,4.456259481694829,4.456259481694829,-6.873587707084149,-0.00832869056096058,-0.00832869056096058,0.012394941752126904,4.460423826975309,4.460423826975309,-6.879785177960213
451,0.07340718579060154,0.017065958946308045,0.008532979473153951,4.460423826975309,4.460423826975309,-6.879785177960213,-0.00831260661649966,-0.00831260661649966,0.012371260939602065,4.464580130283559,4.464580130283559,-6.885970808430014
452,0.07326170192097327,0.017033247002885193,0.008516623501442082,4.464580130283559,4.464580130283559,-6.885970808430014,-0.008296583404889247,-0.008296583404889247,0.012347668244358127,4.468728421986003,4.468728421986003,-6.892144642552193
453,0.07311677498813203,0.017000657413694928,0.008500328706847476,4.468728421986003,4.468728421986003,-6.892144642552193,-0.008280620582695523,-0.008280620582695523,0.012324163177623821,4.472868732277351,4.472868732277351,-6.898306724141005
454,0.07297240184781491,0.016968189495008886,0.00848409474750468,4.472868732277351,4.472868732277351,-6.898306724141005,-0.00826471780910254,-0.00826471780910254,0.012300745254265553,4.4770010911819025,4.4770010911819025,-6.904457096768137
455,0.0728285793792679,0.01693584256823703,0.00846792128411797,4.4770010911819025,4.4770010911819025,-6.904457096768137,-0.008248874745887168,-0.008248874745887168,0.012277413992752678,4.481125528554846,4.481125528554846,-6.910595803764513
456,0.0726853044850262,0.0169036159598786,0.008451807979939174,4.481125528554846,4.481125528554846,-6.910595803764513,-0.008233091057393959,-0.008233091057393959,0.012254168915123612,4.485242074083542,4.485242074083542,-6.9167228882220755
457,0.0725425740906965,0.016871509001473516,0.008435754500736622,4.485242074083542,4.485242074083542,-6.9167228882220755,-0.008217366410509939,-0.008217366410509939,0.01223100954695269,4.489350757288797,4.489350757288797,-6.922838392995552
458,0.07240038514474254,0.016839521029554546,0.008419760514777054,4.489350757288797,4.489350757288797,-6.922838392995552,-0.008201700474640493,-0.008201700474640493,0.012207935417316624,4.493451607526117,4.493451607526117,-6.928942360704211
459,0.07225873461827254,0.016807651385599878,0.008403825692799747,4.493451607526117,4.493451607526117,-6.928942360704211,-0.00818609292168497,-0.00818609292168497,0.01218494605876185,4.497544653986959,4.497544653986959,-6.935034833733591
460,0.07211761950482905,0.01677589941598629,0.008387949707993463,4.497544653986959,4.497544653986959,-6.935034833733591,-0.008170543426012679,-0.008170543426012679,0.012162041007272221,4.501629925699966,4.501629925699966,-6.9411158542372275
461,0.07197703682018136,0.016744264471942893,0.008372132235971667,4.501629925699966,4.501629925699966,-6.9411158542372275,-0.008155051664439406,-0.008155051664439406,0.012139219802236761,4.505707451532186,4.505707451532186,-6.947185464138346
462,0.07183698360212011,0.016712745909505368,0.00835637295475226,4.505707451532186,4.505707451532186,-6.947185464138346,-0.008139617316203936,-0.008139617316203936,0.012116481986418105,4.509777260190288,4.509777260190288,-6.9532437051315545
463,0.07169745691025417,0.016681343089470762,0.008340671544735187,4.509777260190288,4.509777260190288,-6.9532437051315545,-0.008124240062944946,-0.008124240062944946,0.012093827105921207,4.51383938022176,4.51383938022176,-6.959290618684515
464,0.07155845382580972,0.016650055377352757,0.008325027688676117,4.51383938022176,4.51383938022176,-6.959290618684515,-0.008108919588678088,-0.008108919588678088,0.012071254710162446,4.517893840016098,4.517893840016098,-6.965326246039597
465,0.07141997145143186,0.01661888214333753,0.00830944107166901,4.517893840016098,4.517893840016098,-6.965326246039597,-0.008093655579773512,-0.008093655579773512,0.012048764351838956,4.5219406678059855,4.5219406678059855,-6.971350628215516
466,0.07128200691098799,0.01658782276224003,0.008293911381120442,4.5219406678059855,4.5219406678059855,-6.971350628215516,-0.008078447724933456,-0.008078447724933456,0.012026355586898445,4.525979891668452,4.525979891668452,-6.977363806008966
467,0.07114455734937361,0.016556876613460822,0.00827843830673004,4.525979891668452,4.525979891668452,-6.977363806008966,-0.008063295715170386,-0.008063295715170386,0.01200402797450904,4.530011539526037,4.530011539526037,-6.98336581999622
468,0.07100761993232045,0.016526043080943423,0.008263021540471266,4.530011539526037,4.530011539526037,-6.98336581999622,-0.008048199243785078,-0.008048199243785078,0.011981781077029933,4.5340356391479295,4.5340356391479295,-6.989356710534735
469,0.07087119184620598,0.016495321553132013,0.008247660776566204,4.5340356391479295,4.5340356391479295,-6.989356710534735,-0.00803315800634483,-0.00803315800634483,0.011959614459982289,4.538052218151102,4.538052218151102,-6.995336517764726
470,0.07073527029786623,0.016464711422929847,0.008232355711464676,4.538052218151102,4.538052218151102,-6.995336517764726,-0.008018171700662727,-0.008018171700662727,0.011937527692019794,4.542061304001433,4.542061304001433,-7.001305281610736
471,0.07059985251440937,0.016434212087657905,0.008217106043828495,4.542061304001433,4.542061304001433,-7.001305281610736,-0.008003240026776073,-0.008003240026776073,0.011915520344900591,4.546062924014821,4.546062924014821,-7.007263041783186
472,0.07046493574303211,0.01640382294901413,0.008201911474506898,4.546062924014821,4.546062924014821,-7.007263041783186,-0.007988362686925769,-0.007988362686925769,0.011893591993458784,4.550057105358284,4.550057105358284,-7.0132098377799155
473,0.07033051725083804,0.016373543413033147,0.008186771706516518,4.550057105358284,4.550057105358284,-7.0132098377799155,-0.00797353938553589,-0.00797353938553589,0.01187174221557632,4.554043875051051,4.554043875051051,-7.019145708887704
474,0.07019659432465768,0.016343372890046344,0.008171686445023049,4.554043875051051,4.554043875051051,-7.019145708887704,-0.007958769829193038,-0.007958769829193038,0.011849970592155704,4.558023259965648,4.558023259965648,-7.025070694183782
475,0.0700631642708706,0.01631331079464249,0.008156655397321426,4.558023259965648,4.558023259965648,-7.025070694183782,-0.007944053726626401,-0.007944053726626401,0.011828276707092444,4.561995286828961,4.561995286828961,-7.030984832537328
476,0.06993022441522964,0.01628335654562875,0.008141678272813844,4.561995286828961,4.561995286828961,-7.030984832537328,-0.007929390788687946,-0.007929390788687946,0.011806660147247914,4.565959982223305,4.565959982223305,-7.036888162610952
477,0.06979777210268688,0.016253509565992138,0.008126754782995977,4.565959982223305,4.565959982223305,-7.036888162610952,-0.007914780728332758,-0.007914780728332758,0.01178512050242265,4.569917372587471,4.569917372587471,-7.042780722862163
478,0.06966580469722142,0.016223769282861414,0.008111884641430445,4.569917372587471,4.569917372587471,-7.042780722862163,-0.007900223260599457,-0.007900223260599457,0.011763657365330056,4.573867484217771,4.573867484217771,-7.048662551544828
479,0.06953431958166915,0.01619413512746939,0.008097067563734564,4.573867484217771,4.573867484217771,-7.048662551544828,-0.007885718102591172,-0.007885718102591172,0.011742270331570036,4.577810343269066,4.577810343269066,-7.054533686710613
480,0.06940331415755435,0.01616460653511566,0.008082303267557907,4.577810343269066,4.577810343269066,-7.054533686710613,-0.007871264973456315,-0.007871264973456315,0.011720958999603383,4.581745975755794,4.581745975755794,-7.060394166210415
481,0.06927278584492315,0.016135182945129792,0.00806759147256443,4.581745975755794,4.581745975755794,-7.060394166210415,-0.007856863594370125,-0.007856863594370125,0.011699722970725848,4.585674407552979,4.585674407552979,-7.066244027695777
482,0.06914273208217848,0.016105863800834817,0.008052931900417596,4.585674407552979,4.585674407552979,-7.066244027695777,-0.007842513688515785,-0.007842513688515785,0.01167856184904316,4.589595664397237,4.589595664397237,-7.072083308620299
483,0.06901315032591723,0.016076648549511213,0.008038324274755388,4.589595664397237,4.589595664397237,-7.072083308620299,-0.007828214981066287,-0.007828214981066287,0.011657475241445711,4.59350977188777,4.59350977188777,-7.077912046241022
484,0.06888403805076876,0.016047536642361294,0.008023768321180602,4.59350977188777,4.59350977188777,-7.077912046241022,-0.007813967199166202,-0.007813967199166202,0.01163646275758393,4.597416755487353,4.597416755487353,-7.083730277619814
485,0.06875539274923549,0.01601852753447391,0.00800926376723736,4.597416755487353,4.597416755487353,-7.083730277619814,-0.0077997700719137225,-0.0077997700719137225,0.011615524009843758,4.60131664052331,4.60131664052331,-7.0895380396247365
486,0.06862721193153482,0.0159896206847896,0.007994810342394519,4.60131664052331,4.60131664052331,-7.0895380396247365,-0.007785623330342804,-0.007785623330342804,0.011594658613322564,4.605209452188481,4.605209452188481,-7.095335368931398
487,0.06849949312544293,0.015960815556066113,0.007980407778033176,4.605209452188481,4.605209452188481,-7.095335368931398,-0.00777152670740585,-0.00777152670740585,0.011573866185804863,4.609095215542184,4.609095215542184,-7.1011223020243
488,0.06837223387614054,0.015932111614844317,0.007966055807421865,4.609095215542184,4.609095215542184,-7.1011223020243,-0.007757479937956186,-0.007757479937956186,0.01155314634773886,4.612973955511162,4.612973955511162,-7.106898875198169
489,0.06824543174605953,0.015903508331414434,0.007951754165706893,4.612973955511162,4.612973955511162,-7.106898875198169,-0.007743482758731025,-0.007743482758731025,0.011532498722212762,4.616845696890527,4.616845696890527,-7.112665124559276
490,0.06811908431473186,0.015875005179782662,0.007937502589891416,4.616845696890527,4.616845696890527,-7.112665124559276,-0.007729534908334196,-0.007729534908334196,0.011511922934931963,4.620710464344694,4.620710464344694,-7.118421086026742
491,0.06799318917863992,0.01584660163763823,0.007923300818818844,4.620710464344694,4.620710464344694,-7.118421086026742,-0.007715636127219691,-0.007715636127219691,0.01149141861419569,4.624568282408304,4.624568282408304,-7.1241667953338395
492,0.06786774395106832,0.01581829718632069,0.007909148593160137,4.624568282408304,4.624568282408304,-7.1241667953338395,-0.007701786157674844,-0.007701786157674844,0.011470985390874553,4.628419175487141,4.628419175487141,-7.129902288029276
493,0.06774274626195737,0.015790091310787683,0.007895045655393325,4.628419175487141,4.628419175487141,-7.129902288029276,-0.007687984743804079,-0.007687984743804079,0.011450622898387846,4.632263167859043,4.632263167859043,-7.13562759947847
494,0.06761819375775793,0.015761983499582913,0.007880991749791018,4.632263167859043,4.632263167859043,-7.13562759947847,-0.007674231631512485,-0.007674231631512485,0.011430330772681534,4.636100283674799,4.636100283674799,-7.1413427648648105
495,0.06749408410128818,0.01573397324480464,0.007866986622402516,4.636100283674799,4.636100283674799,-7.1413427648648105,-0.007660526568489947,-0.007660526568489947,0.011410108652206059,4.639930546959044,4.639930546959044,-7.147047819190914
496,0.06737041497159121,0.015706060042074355,0.007853030021036997,4.639930546959044,4.639930546959044,-7.147047819190914,-0.0076468693041950205,-0.0076468693041950205,0.01138995617789483,4.643753981611141,4.643753981611141,-7.152742797279862
497,0.06724718406379489,0.015678243390505876,0.00783912169525318,4.643753981611141,4.643753981611141,-7.152742797279862,-0.007633259589839396,-0.007633259589839396,0.011369872993142493,4.647570611406061,4.647570611406061,-7.158427733776433
498,0.0671243890889725,0.015650522792674752,0.007825261396337548,4.647570611406061,4.647570611406061,-7.158427733776433,-0.007619697178372235,-0.007619697178372235,0.011349858743783744,4.651380459995247,4.651380459995247,-7.164102663148325
499,0.06700202777400538,0.01562289775458801,0.007811448877294244,4.651380459995247,4.651380459995247,-7.164102663148325,-0.0076061818244649755,-0.0076061818244649755,0.011329913078072065,4.65518355090748,4.65518355090748,-7.169767619687361
500,0.06688009786144646,0.015595367785654173,0.007797683892826723,4.65518355090748,4.65518355090748,-7.169767619687361,-0.0075927132844957786,-0.0075927132844957786,0.011310035646659236,4.658979907549727,4.658979907549727,-7.175422637510691
501,0.06675859710938581,0.015567932398653696,0.007783966199326794,4.658979907549727,4.658979907549727,-7.175422637510691,-0.007579291316535005,-0.007579291316535005,0.0112902261025741,4.662769553207995,4.662769553207995,-7.1810677505619775
502,0.06663752329131692,0.015540591109709586,0.007770295554854767,4.662769553207995,4.662769553207995,-7.1810677505619775,-0.007565915680329695,-0.007565915680329695,0.011270484101202892,4.66655251104816,4.66655251104816,-7.186702992612579
503,0.06651687419600505,0.01551334343825847,0.0077566717191295655,4.66655251104816,4.66655251104816,-7.186702992612579,-0.007552586137289423,-0.007552586137289423,0.011250809300268332,4.670328804116805,4.670328804116805,-7.192328397262713
504,0.06639664762735623,0.015486188907021836,0.007743094453511243,4.670328804116805,4.670328804116805,-7.192328397262713,-0.007539302450471231,-0.007539302450471231,0.011231201359810228,4.67409845534204,4.67409845534204,-7.197943997942619
505,0.06627684140428822,0.015459127041977683,0.007729563520988522,4.67409845534204,4.67409845534204,-7.197943997942619,-0.007526064384565656,-0.007526064384565656,0.01121165994216514,4.677861487534323,4.677861487534323,-7.203549827913701
506,0.06615745336060258,0.015432157372332467,0.007716078686166256,4.677861487534323,4.677861487534323,-7.203549827913701,-0.007512871705882194,-0.007512871705882194,0.01119218471194721,4.681617923387265,4.681617923387265,-7.209145920269674
507,0.06603848134485771,0.015405279430493198,0.007702639715246279,4.681617923387265,4.681617923387265,-7.209145920269674,-0.007499724182335198,-0.007499724182335198,0.01117277533602865,4.685367785478432,4.685367785478432,-7.214732307937688
508,0.06591992322024375,0.015378492752040037,0.007689246376020288,4.685367785478432,4.685367785478432,-7.214732307937688,-0.007486621583430126,-0.007486621583430126,0.01115343148352041,4.689111096270147,4.689111096270147,-7.220309023679449
509,0.06580177686445847,0.01535179687569904,0.007675898437850014,4.689111096270147,4.689111096270147,-7.220309023679449,-0.007473563680249512,-0.007473563680249512,0.011134152825753451,4.692847878110272,4.692847878110272,-7.225876100092326
510,0.06568404016958435,0.015325191343315225,0.0076625956716570905,4.692847878110272,4.692847878110272,-7.225876100092326,-0.007460550245439332,-0.007460550245439332,0.0111149390362599,4.696578153232991,4.696578153232991,-7.231433569610456
511,0.06556671104196718,0.01529867569982595,0.007649337849913156,4.696578153232991,4.696578153232991,-7.231433569610456,-0.007447581053195703,-0.007447581053195703,0.011095789790754228,4.700301943759589,4.700301943759589,-7.236981464505833
512,0.06544978740209552,0.01527224949323449,0.007636124746617215,4.700301943759589,4.700301943759589,-7.236981464505833,-0.0074346558792512014,-0.0074346558792512014,0.011076704767115184,4.704019271699215,4.704019271699215,-7.2425198168893905
513,0.06533326718448175,0.015245912274583983,0.0076229561372921925,4.704019271699215,4.704019271699215,-7.2425198168893905,-0.007421774500861841,-0.007421774500861841,0.011057683645367347,4.707730158949646,4.707730158949646,-7.248048658712074
514,0.0652171483375441,0.015219663597931582,0.007609831798966404,4.707730158949646,4.707730158949646,-7.248048658712074,-0.007408936696793839,-0.007408936696793839,0.01103872610766328,4.711434627298043,4.711434627298043,-7.253568021765906
515,0.06510142882349006,0.015193503020322914,0.007596751510161278,4.711434627298043,4.711434627298043,-7.253568021765906,-0.0073961422473108746,-0.0073961422473108746,0.011019831838265411,4.715132698421699,4.715132698421699,-7.2590779376850385
516,0.06498610661820062,0.015167430101766764,0.007583715050882944,4.715132698421699,4.715132698421699,-7.2590779376850385,-0.007383390934161016,-0.007383390934161016,0.011001000523528684,4.718824393888779,4.718824393888779,-7.264578437946803
517,0.06487117971111614,0.015141444405210047,0.007570722202605428,4.718824393888779,4.718824393888779,-7.264578437946803,-0.007370682540564173,-0.007370682540564173,0.010982231851882912,4.722509735159061,4.722509735159061,-7.2700695538727445
518,0.06475664610512291,0.015115545496513021,0.007557772748256648,4.722509735159061,4.722509735159061,-7.2700695538727445,-0.007358016851199443,-0.007358016851199443,0.010963525513815579,4.726188743584661,4.726188743584661,-7.275551316629652
519,0.06464250381644128,0.01508973294442478,0.007544866472212378,4.726188743584661,4.726188743584661,-7.275551316629652,-0.007345393652192809,-0.007345393652192809,0.010944881201854578,4.729861440410757,4.729861440410757,-7.28102375723058
520,0.0645287508745146,0.015064006320558992,0.0075320031602796565,4.729861440410757,4.729861440410757,-7.28102375723058,-0.007332812731104806,-0.007332812731104806,0.010926298610551324,4.73352784677631,4.73352784677631,-7.286486906535855
521,0.06441538532189925,0.01503836519936982,0.00751918259968493,4.73352784677631,4.73352784677631,-7.286486906535855,-0.007320273876918176,-0.007320273876918176,0.010907777436464131,4.737187983714769,4.737187983714769,-7.291940795254088
522,0.06430240521415617,0.015012809158128231,0.007506404579063733,4.737187983714769,4.737187983714769,-7.291940795254088,-0.007307776880026259,-0.007307776880026259,0.010889317378141123,4.740841872154782,4.740841872154782,-7.297385453943158
523,0.06418980861974292,0.014987337776898379,0.007493668888449228,4.740841872154782,4.740841872154782,-7.297385453943158,-0.00729532153222048,-0.00729532153222048,0.0108709181361045,4.744489532920892,4.744489532920892,-7.30282091301121
524,0.06407759361990722,0.014961950638514352,0.0074809753192575865,4.744489532920892,4.744489532920892,-7.30282091301121,-0.007282907626679068,-0.007282907626679068,0.010852579412833605,4.748130986734232,4.748130986734232,-7.308247202717627
525,0.06396575830858144,0.014936647328557108,0.007468323664278926,4.748130986734232,4.748130986734232,-7.308247202717627,-0.007270534957955099,-0.007270534957955099,0.010834300912749187,4.7517662542132095,4.7517662542132095,-7.313664353174002
526,0.0638543007922779,0.014911427435331637,0.0074557137176661055,4.7517662542132095,4.7517662542132095,-7.313664353174002,-0.007258203321965039,-0.007258203321965039,0.010816082342197306,4.755395355874192,4.755395355874192,-7.319072394345101
527,0.06374321918998574,0.014886290549844377,0.007443145274922225,4.755395355874192,4.755395355874192,-7.319072394345101,-0.007245912515977265,-0.007245912515977265,0.010797923409433597,4.759018312132181,4.759018312132181,-7.324471356049818
528,0.06363251163306817,0.01486123626578085,0.007430618132890726,4.759018312132181,4.759018312132181,-7.324471356049818,-0.007233662338600896,-0.007233662338600896,0.010779823824607432,4.762635143301481,4.762635143301481,-7.329861267962122
529,0.06352217626516125,0.0148362641794835,0.007418132089742229,4.762635143301481,4.762635143301481,-7.329861267962122,-0.007221452589774212,-0.007221452589774212,0.010761783299746927,4.766245869596369,4.766245869596369,-7.335242159611996
530,0.06341221124207339,0.014811373889929797,0.007405686944965062,4.766245869596369,4.766245869596369,-7.335242159611996,-0.007209283070754011,-0.007209283070754011,0.010743801548743041,4.769850511131746,4.769850511131746,-7.340614060386367
531,0.06330261473168587,0.01478656499871053,0.007393282499355788,4.769850511131746,4.769850511131746,-7.340614060386367,-0.007197153584104405,-0.007197153584104405,0.010725878287334682,4.773449087923798,4.773449087923798,-7.345976999530035
532,0.06319338491385443,0.01476183711000832,0.007380918555004533,4.773449087923798,4.773449087923798,-7.345976999530035,-0.0071850639336858944,-0.0071850639336858944,0.010708013233093764,4.777041619890642,4.777041619890642,-7.351331006146582
533,0.0630845199803118,0.014737189830576359,0.007368594915288107,4.777041619890642,4.777041619890642,-7.351331006146582,-0.007173013924644797,-0.007173013924644797,0.010690206105410079,4.780628126852964,4.780628126852964,-7.356676109199287
534,0.06297601813457111,0.014712622769717364,0.007356311384858366,4.780628126852964,4.780628126852964,-7.356676109199287,-0.00716100336340254,-0.00716100336340254,0.01067245662547667,4.784208628534665,4.784208628534665,-7.362012337512025
535,0.06286787759183025,0.014688135539262721,0.00734406776963143,4.784208628534665,4.784208628534665,-7.362012337512025,-0.007149032057644937,-0.007149032057644937,0.010654764516275457,4.7877831445634875,4.7877831445634875,-7.367339719770163
536,0.06276009657887727,0.014663727753551833,0.0073318638767758335,4.7877831445634875,4.7877831445634875,-7.367339719770163,-0.007137099816311932,-0.007137099816311932,0.010637129502562554,4.791351694471643,4.791351694471643,-7.372658284521444
537,0.0626526733339966,0.014639399029411734,0.007319699514705212,4.791351694471643,4.791351694471643,-7.372658284521444,-0.0071252064495874075,-0.0071252064495874075,0.010619551310853827,4.794914297696437,4.794914297696437,-7.377968060176871
538,0.0625456061068762,0.014615148986136809,0.007307574493067946,4.794914297696437,4.794914297696437,-7.377968060176871,-0.007113351768888637,-0.007113351768888637,0.010602029669411116,4.798470973580881,4.798470973580881,-7.383269075011576
539,0.062438893158515675,0.014590977245468796,0.007295488622734879,4.798470973580881,4.798470973580881,-7.383269075011576,-0.00710153558685634,-0.00710153558685634,0.010584564308228002,4.802021741374309,4.802021741374309,-7.38856135716569
540,0.06233253276113512,0.014566883431576945,0.007283441715788983,4.802021741374309,4.802021741374309,-7.38856135716569,-0.00708975771734463,-0.00708975771734463,0.010567154959015952,4.805566620232982,4.805566620232982,-7.393844934645198
541,0.062226523198085026,0.01454286717103836,0.007271433585519532,4.805566620232982,4.805566620232982,-7.393844934645198,-0.007078017975411147,-0.007078017975411147,0.010549801355190468,4.809105629220688,4.809105629220688,-7.399119835322794
542,0.062120862763757015,0.014518928092818593,0.007259464046408971,4.809105629220688,4.809105629220688,-7.399119835322794,-0.007066316177307182,-0.007066316177307182,0.01053250323185759,4.812638787309341,4.812638787309341,-7.404386086938723
543,0.06201554976349538,0.014495065828252393,0.007247532914126003,4.812638787309341,4.812638787309341,-7.404386086938723,-0.007054652140467934,-0.007054652140467934,0.010515260325800434,4.816166113379575,4.816166113379575,-7.4096437171016225
544,0.061910582513509414,0.014471280011024584,0.0072356400055122415,4.816166113379575,4.816166113379575,-7.4096437171016225,-0.007043025683502888,-0.007043025683502888,0.010498072375465748,4.819687626221326,4.819687626221326,-7.414892753289355
545,0.06180595934078674,0.014447570277151257,0.007223785138576179,4.819687626221326,4.819687626221326,-7.414892753289355,-0.007031436626186351,-0.007031436626186351,0.01048093912095069,4.82320334453442,4.82320334453442,-7.420133222849831
546,0.06170167858300731,0.014423936264961003,0.007211968132480679,4.82320334453442,4.82320334453442,-7.420133222849831,-0.007019884789447841,-0.007019884789447841,0.010463860303989863,4.826713286929144,4.826713286929144,-7.425365153001826
547,0.061597738588458656,0.014400377615076515,0.0072001888075382435,4.826713286929144,4.826713286929144,-7.425365153001826,-0.0070083699953630875,-0.0070083699953630875,0.01044683566794202,4.830217471926826,4.830217471926826,-7.430588570835797
548,0.061494137715951,0.014376893970396126,0.007188446985197874,4.830217471926826,4.830217471926826,-7.430588570835797,-0.00699689206714434,-0.00699689206714434,0.010429864957777627,4.833715917960398,4.833715917960398,-7.435803503314685
549,0.0613908743347343,0.014353484976075742,0.007176742488037726,4.833715917960398,4.833715917960398,-7.435803503314685,-0.0069854508291314725,-0.0069854508291314725,0.010412947920065908,4.8372086433749635,4.8372086433749635,-7.441009977274718
550,0.06128794682441534,0.014330150279510834,0.007165075139756092,4.8372086433749635,4.8372086433749635,-7.441009977274718,-0.006974046106782955,-0.006974046106782955,0.010396084302962124,4.840695666428355,4.840695666428355,-7.4462080194262
551,0.06118535357487585,0.014306889530318641,0.007153444765159512,4.840695666428355,4.840695666428355,-7.4462080194262,-0.006962677726666526,-0.006962677726666526,0.01037927385619557,4.844177005291689,4.844177005291689,-7.451397656354297
552,0.061083092986191544,0.014283702380320555,0.007141851190159993,4.844177005291689,4.844177005291689,-7.451397656354297,-0.006951345516450779,-0.006951345516450779,0.010362516331056584,4.847652678049914,4.847652678049914,-7.456578914519826
553,0.06098116346855148,0.014260588483524616,0.007130294241762312,4.847652678049914,4.847652678049914,-7.456578914519826,-0.006940049304896043,-0.006940049304896043,0.010345811480384649,4.851122702702362,4.851122702702362,-7.461751820260018
554,0.06087956344217871,0.014237547496108264,0.007118773748054281,4.851122702702362,4.851122702702362,-7.461751820260018,-0.006928788921845598,-0.006928788921845598,0.010329159058556418,4.854587097163285,4.854587097163285,-7.466916399789296
555,0.06077829133725133,0.014214579076401185,0.007107289538200318,4.854587097163285,4.854587097163285,-7.466916399789296,-0.006917564198217312,-0.006917564198217312,0.010312558821473288,4.858045879262393,4.858045879262393,-7.472072679200033
556,0.060677345593824525,0.014191682884868374,0.007095841442434535,4.858045879262393,4.858045879262393,-7.472072679200033,-0.0069063749659948916,-0.0069063749659948916,0.010296010526549788,4.861499066745391,4.861499066745391,-7.477220684463308
557,0.06057672466175294,0.014168858584093289,0.007084429292046301,4.861499066745391,4.861499066745391,-7.477220684463308,-0.006895221058219374,-0.006895221058219374,0.010279513932701793,4.8649466772745,4.8649466772745,-7.482360441429659
558,0.06047642700061438,0.014146105838761275,0.0070730529193802506,4.8649466772745,4.8649466772745,-7.482360441429659,-0.006884102308980924,-0.006884102308980924,0.010263068800334669,4.86838872842899,4.86838872842899,-7.487491975829826
559,0.060376451079633665,0.01412342431564303,0.007061712157821623,4.86838872842899,4.86838872842899,-7.487491975829826,-0.006873018553410399,-0.006873018553410399,0.010246674891331804,4.871825237705695,4.871825237705695,-7.4926153132754925
560,0.06027679537760741,0.014100813683578283,0.0070504068417889506,4.871825237705695,4.871825237705695,-7.4926153132754925,-0.006861969627671043,-0.006861969627671043,0.010230331969043273,4.875256222519531,4.875256222519531,-7.497730479260014
561,0.060177458382829785,0.014078273613459678,0.00703913680672972,4.875256222519531,4.875256222519531,-7.497730479260014,-0.0068509553689504905,-0.0068509553689504905,0.01021403979827433,4.878681700204006,4.878681700204006,-7.502837499159151
562,0.06007843859301831,0.014055803778216663,0.007027901889108347,4.878681700204006,4.878681700204006,-7.502837499159151,-0.006839975615452611,-0.006839975615452611,0.010197798145274165,4.8821016880117325,4.8821016880117325,-7.507936398231788
563,0.05997973451524123,0.014033403852799761,0.007016701926399895,4.8821016880117325,4.8821016880117325,-7.507936398231788,-0.006829030206389627,-0.006829030206389627,0.010181606777724783,4.8855162031149275,4.8855162031149275,-7.51302720162065
564,0.059881344665844605,0.014011073514164701,0.007005536757082325,4.8855162031149275,4.8855162031149275,-7.51302720162065,-0.006818118981973896,-0.006818118981973896,0.010165465464730183,4.888925262605914,4.888925262605914,-7.518109934353015
565,0.059783267570380966,0.013988812441256996,0.006994406220628975,4.888925262605914,4.888925262605914,-7.518109934353015,-0.006807241783410606,-0.006807241783410606,0.01014937397680488,4.89232888349762,4.89232888349762,-7.523184621341418
566,0.059685501763537735,0.013966620314996396,0.006983310157498616,4.89232888349762,4.89232888349762,-7.523184621341418,-0.006796398452889221,-0.006796398452889221,0.01013333208586396,4.895727082724065,4.895727082724065,-7.52825128738435
567,0.05958804578906739,0.01394449681826173,0.00697224840913052,4.895727082724065,4.895727082724065,-7.52825128738435,-0.006785588833576675,-0.006785588833576675,0.01011733956521133,4.899119877140853,4.899119877140853,-7.5333099571669555
568,0.05949089819971713,0.013922441635875681,0.0069612208179382065,4.899119877140853,4.899119877140853,-7.5333099571669555,-0.0067748127696090135,-0.0067748127696090135,0.010101396189529939,4.902507283525658,4.902507283525658,-7.53836065526172
569,0.05939405755716008,0.013900454454589855,0.00695022722729521,4.902507283525658,4.902507283525658,-7.53836065526172,-0.006764070106084281,-0.006764070106084281,0.010085501734870751,4.9058893185787005,4.9058893185787005,-7.543403406129156
570,0.05929752243192662,0.01387853496306991,0.006939267481534887,4.9058893185787005,4.9058893185787005,-7.543403406129156,-0.0067533606890549,-0.0067533606890549,0.010069655978642456,4.909265998923228,4.909265998923228,-7.548438234118477
571,0.05920129140333659,0.013856682851880851,0.006928341425940263,4.909265998923228,4.909265998923228,-7.548438234118477,-0.006742684365520238,-0.006742684365520238,0.010053858699601199,4.912637341105988,4.912637341105988,-7.553465163468277
572,0.059105363059432085,0.013834897813472457,0.00691744890673587,4.912637341105988,4.912637341105988,-7.553465163468277,-0.006732040983419407,-0.006732040983419407,0.010038109677840142,4.9160033615976975,4.9160033615976975,-7.558484218307197
573,0.05900973599691059,0.01381317954216483,0.006906589771082554,4.9160033615976975,4.9160033615976975,-7.558484218307197,-0.0067214303916236645,-0.0067214303916236645,0.010022408694779737,4.919364076793509,4.919364076793509,-7.563495422654587
574,0.058914408821059264,0.013791527734134121,0.006895763867067149,4.919364076793509,4.919364076793509,-7.563495422654587,-0.006710852439929669,-0.006710852439929669,0.010006755533157122,4.922719503013474,4.922719503013474,-7.568498800421166
575,0.05881938014568929,0.013769942087398322,0.006884971043699444,4.922719503013474,4.922719503013474,-7.568498800421166,-0.006700306979051895,-0.006700306979051895,0.00999114997701669,4.926069656503,4.926069656503,-7.573494375409674
576,0.05872464859307133,0.013748422301803289,0.006874211150901429,4.926069656503,4.926069656503,-7.573494375409674,-0.006689793860616109,-0.006689793860616109,0.009975591811699599,4.9294145534333085,4.9294145534333085,-7.578482171315524
577,0.058630212793870845,0.013726968079008738,0.006863484039504265,4.9294145534333085,4.9294145534333085,-7.578482171315524,-0.006679312937151717,-0.006679312937151717,0.009960080823834726,4.932754209901884,4.932754209901884,-7.583462211727441
578,0.05853607138708499,0.013705579122474564,0.006852789561237509,4.932754209901884,4.932754209901884,-7.583462211727441,-0.006668864062085403,-0.006668864062085403,0.009944616801328354,4.936088641932927,4.936088641932927,-7.588434520128105
579,0.05844222301997906,0.013684255137447095,0.006842127568723533,4.936088641932927,4.936088641932927,-7.588434520128105,-0.006658447089733899,-0.006658447089733899,0.009929199533354919,4.939417865477794,4.939417865477794,-7.593399119894783
580,0.05834866634802431,0.013662995830945646,0.006831497915473181,4.939417865477794,4.939417865477794,-7.593399119894783,-0.0066480618752973,-0.0066480618752973,0.009913828810347454,4.942741896415443,4.942741896415443,-7.5983560342999565
581,0.05825540003483601,0.01364180091174907,0.006820900455874378,4.942741896415443,4.942741896415443,-7.5983560342999565,-0.006637708274852407,-0.006637708274852407,0.009898504423987974,4.946060750552869,4.946060750552869,-7.603305286511951
582,0.05816242275211188,0.013620670090382462,0.0068103350451919065,4.946060750552869,4.946060750552869,-7.603305286511951,-0.006627386145345894,-0.006627386145345894,0.009883226167198339,4.949374443625542,4.949374443625542,-7.60824689959555
583,0.05806973317957145,0.013599603079104041,0.006799801539552096,4.949374443625542,4.949374443625542,-7.60824689959555,-0.00661709534458774,-0.00661709534458774,0.009867993834130959,4.952682991297836,4.952682991297836,-7.613180896512616
584,0.05797733000489577,0.01357859959189209,0.006789299795946509,4.952682991297836,4.952682991297836,-7.613180896512616,-0.006606835731244778,-0.006606835731244778,0.009852807220159469,4.955986409163459,4.955986409163459,-7.618107300122696
585,0.0578852119236677,0.013557659344432026,0.006778829672215972,4.955986409163459,4.955986409163459,-7.618107300122696,-0.006596607164834012,-0.006596607164834012,0.009837666121869872,4.959284712745876,4.959284712745876,-7.623026133183631
586,0.05779337763931262,0.01353678205410362,0.0067683910270523225,4.959284712745876,4.959284712745876,-7.623026133183631,-0.006586409505716359,-0.006586409505716359,0.009822570337051306,4.962577917498734,4.962577917498734,-7.627937418352157
587,0.057701825863039805,0.01351596743996826,0.006757983719983738,4.962577917498734,4.962577917498734,-7.627937418352157,-0.006576242615090072,-0.006576242615090072,0.009807519664687334,4.965866038806279,4.965866038806279,-7.6328411781845
588,0.057610555313784534,0.01349521522275647,0.006747607611377982,4.965866038806279,4.965866038806279,-7.6328411781845,-0.006566106354984717,-0.006566106354984717,0.009792513904946806,4.9691490919837715,4.9691490919837715,-7.637737435136973
589,0.057519564718150125,0.013474525124855344,0.006737262562427528,4.9691490919837715,4.9691490919837715,-7.637737435136973,-0.006556000588254538,-0.006556000588254538,0.00977755285917546,4.972427092277899,4.972427092277899,-7.642626211566561
590,0.057428852810351094,0.013453896870296292,0.006726948435148272,4.972427092277899,4.972427092277899,-7.642626211566561,-0.006545925178572588,-0.006545925178572588,0.009762636329886882,4.975700054867185,4.975700054867185,-7.647507529731504
591,0.05733841833215646,0.01343333018474275,0.006716665092371346,4.975700054867185,4.975700054867185,-7.647507529731504,-0.006535879990424362,-0.006535879990424362,0.009747764120754131,4.978967994862398,4.978967994862398,-7.652381411791881
592,0.05724826003283378,0.013412824795478092,0.00670641239773923,4.978967994862398,4.978967994862398,-7.652381411791881,-0.0065258648891018435,-0.0065258648891018435,0.009732936036601057,4.982230927306949,4.982230927306949,-7.657247879810181
593,0.05715837666909333,0.013392380431393567,0.006696190215696497,4.982230927306949,4.982230927306949,-7.657247879810181,-0.006515879740697311,-0.006515879740697311,0.009718151883393984,4.985488867177297,4.985488867177297,-7.662106955751878
594,0.05706876700503344,0.013371996822976477,0.006685998411488528,4.985488867177297,4.985488867177297,-7.662106955751878,-0.006505924412097668,-0.006505924412097668,0.009703411468233026,4.988741829383346,4.988741829383346,-7.666958661485995
595,0.05697942981208533,0.01335167370229826,0.00667583685114899,4.988741829383346,4.988741829383346,-7.666958661485995,-0.006495998770977975,-0.006495998770977975,0.009688714599344339,4.991989828768835,4.991989828768835,-7.671803018785667
596,0.05689036386895957,0.013331410803002914,0.006665705401501795,4.991989828768835,4.991989828768835,-7.671803018785667,-0.006486102685796139,-0.006486102685796139,0.0096740610860713,4.995232880111733,4.995232880111733,-7.676640049328703
597,0.05680156796159208,0.013311207860295339,0.006655603930147311,4.995232880111733,4.995232880111733,-7.676640049328703,-0.006476236025786824,-0.006476236025786824,0.009659450738866584,4.998470998124627,4.998470998124627,-7.681469774698136
598,0.056713040883091065,0.013291064610929866,0.006645532305464937,4.998470998124627,4.998470998124627,-7.681469774698136,-0.006466398660955677,-0.006466398660955677,0.009644883369284126,5.001704197455105,5.001704197455105,-7.686292216382777
599,0.05662478143368435,0.013270980793198864,0.006635490396599748,5.001704197455105,5.001704197455105,-7.686292216382777,-0.0064565904620736,-0.0064565904620736,0.009630358789971098,5.004932492686142,5.004932492686142,-7.691107395777763
600,0.05653678842066705,0.013250956146921466,0.006625478073460993,5.004932492686142,5.004932492686142,-7.691107395777763,-0.0064468113006712,-0.0064468113006712,0.009615876814659804,5.008155898336478,5.008155898336478,-7.695915334185093
